Solvent,Temperature (°C),Solubility (%)
propanol,160,25.54005687
propanol,155,19.58853239
propanol,150,14.54654974
propanol,145,10.51295969
propanol,140,7.43135799
propanol,135,5.15896118
propanol,130,3.52772631
propanol,125,2.38083856
propanol,120,1.58785144
propanol,115,1.04726102
propanol,110,0.68334564
propanol,105,0.44121791
propanol,100,0.28192178
propanol,95,0.17826879
propanol,90,0.11155498
propanol,85,0.06908132
propanol,80,0.04233313
propanol,75,0.02567073
propanol,70,0.01540365
propanol,65,0.00914584
propanol,60,0.00537304
propanol,55,0.00312312
propanol,50,0.00179595
propanol,45,0.00102163
propanol,40,0.00057481
propanol,35,0.00031982
propanol,30,0.00017593
propanol,25,0.00009566
2-propanol,160,27.31894713
2-propanol,155,21.13942699
2-propanol,150,15.80588312
2-propanol,145,11.47839149
2-propanol,140,8.13993549
2-propanol,135,5.66262230
2-propanol,130,3.87733148
2-propanol,125,2.61912672
2-propanol,120,1.74788577
2-propanol,115,1.15338354
2-propanol,110,0.75291102
2-propanol,105,0.48632460
2-propanol,100,0.31086060
2-propanol,95,0.19664100
2-propanol,90,0.12309714
2-propanol,85,0.07625655
2-propanol,80,0.04674650
2-propanol,75,0.02835633
2-propanol,70,0.01702019
2-propanol,65,0.01010817
2-propanol,60,0.00593950
2-propanol,55,0.00345273
2-propanol,50,0.00198549
2-propanol,45,0.00112929
2-propanol,40,0.00063520
2-propanol,35,0.00035325
2-propanol,30,0.00019419
2-propanol,25,0.00010549
propanone,160,100.00000000
propanone,155,100.00000000
propanone,150,100.00000000
propanone,145,56.66741527
propanone,140,54.30177918
propanone,135,51.88388041
propanone,130,49.41633262
propanone,125,46.90482526
propanone,120,44.35686628
propanone,115,41.77772882
propanone,110,39.17686890
propanone,105,36.56178233
propanone,100,33.94303877
propanone,95,31.33179991
propanone,90,28.73943145
propanone,85,26.17875006
propanone,80,23.66330565
propanone,75,21.20970894
propanone,70,18.83241606
propanone,65,16.54878041
propanone,60,14.37532870
propanone,55,12.33025615
propanone,50,10.43008480
propanone,45,8.69015010
propanone,40,7.12334269
propanone,35,5.73858287
propanone,30,4.53989155
propanone,25,3.52511319
acetylacetone,160,31.06335945
acetylacetone,155,27.48985925
acetylacetone,150,24.07926703
acetylacetone,145,20.87172445
acetylacetone,140,17.89970224
acetylacetone,135,15.18669050
acetylacetone,130,12.74687249
acetylacetone,125,10.58494191
acetylacetone,120,8.69703816
acetylacetone,115,7.07180546
acetylacetone,110,5.69205000
acetylacetone,105,4.53633260
acetylacetone,100,3.58071088
acetylacetone,95,2.80021908
acetylacetone,90,2.17018413
acetylacetone,85,1.66721897
acetylacetone,80,1.26990577
acetylacetone,75,0.95918311
acetylacetone,70,0.71850085
acetylacetone,65,0.53378795
acetylacetone,60,0.39329813
acetylacetone,55,0.28738204
acetylacetone,50,0.20822530
acetylacetone,45,0.14958051
acetylacetone,40,0.10651166
acetylacetone,35,0.07516153
acetylacetone,30,0.05254721
acetylacetone,25,0.03638504
benzene,160,55.25472223
benzene,155,52.79567649
benzene,150,50.28324313
benzene,145,47.72014894
benzene,140,45.10844321
benzene,135,42.45363521
benzene,130,39.76353042
benzene,125,37.04335732
benzene,120,34.30427200
benzene,115,31.55426876
benzene,110,28.80920221
benzene,105,26.08353917
benzene,100,23.39530455
benzene,95,20.76526444
benzene,90,18.21698123
benzene,85,15.77551021
benzene,80,13.46746518
benzene,75,11.31914649
benzene,70,9.35472459
benzene,65,7.59432269
benzene,60,6.05108626
benzene,55,4.73011644
benzene,50,3.62699649
benzene,45,2.72869397
benzene,40,2.01509207
benzene,35,1.46159344
benzene,30,1.04188426
benzene,25,0.73031444
chcl3,160,42.23552949
chcl3,155,39.68536705
chcl3,150,37.15334059
chcl3,145,34.64845551
chcl3,140,32.18070039
chcl3,135,29.75831275
chcl3,130,27.39131501
chcl3,125,25.08999935
chcl3,120,22.86201250
chcl3,115,20.71913868
chcl3,110,18.66719177
chcl3,105,16.71520550
chcl3,100,14.87054071
chcl3,95,13.13946893
chcl3,90,11.52688490
chcl3,85,10.03669506
chcl3,80,8.67108530
chcl3,75,7.43091217
chcl3,70,6.31549624
chcl3,65,5.32238191
chcl3,60,4.44734003
chcl3,55,3.68470539
chcl3,50,3.02733512
chcl3,45,2.46702917
chcl3,40,1.99469660
chcl3,35,1.60080132
chcl3,30,1.27572053
chcl3,25,1.01006860
cyclohexane,160,8.04412204
cyclohexane,155,6.02282000
cyclohexane,150,4.51128694
cyclohexane,145,3.37570756
cyclohexane,140,2.52019237
cyclohexane,135,1.87504457
cyclohexane,130,1.38889005
cyclohexane,125,1.02333640
cyclohexane,120,0.74941097
cyclohexane,115,0.54507927
cyclohexane,110,0.39350270
cyclohexane,105,0.28178058
cyclohexane,100,0.20002714
cyclohexane,95,0.14067872
cyclohexane,90,0.09796722
cyclohexane,85,0.06751471
cyclohexane,80,0.04601844
cyclohexane,75,0.03100468
cyclohexane,70,0.02063593
cyclohexane,65,0.01355978
cyclohexane,60,0.00879087
cyclohexane,55,0.00561911
cyclohexane,50,0.00353874
cyclohexane,45,0.00219407
cyclohexane,40,0.00133821
cyclohexane,35,0.00080223
cyclohexane,30,0.00047226
cyclohexane,25,0.00027275
cyclohexanol,160,11.47196888
cyclohexanol,155,8.40633408
cyclohexanol,150,6.07855794
cyclohexanol,145,4.34684444
cyclohexanol,140,3.07768801
cyclohexanol,135,2.15854711
cyclohexanol,130,1.49975298
cyclohexanol,125,1.03214126
cyclohexanol,120,0.70341568
cyclohexanol,115,0.47458043
cyclohexanol,110,0.31688478
cyclohexanol,105,0.20934468
cyclohexanol,100,0.13679736
cyclohexanol,95,0.08839905
cyclohexanol,90,0.05647847
cyclohexanol,85,0.03567021
cyclohexanol,80,0.02226622
cyclohexanol,75,0.01373539
cyclohexanol,70,0.00837197
cyclohexanol,65,0.00504131
cyclohexanol,60,0.00299863
cyclohexanol,55,0.00176154
cyclohexanol,50,0.00102181
cyclohexanol,45,0.00058514
cyclohexanol,40,0.00033071
cyclohexanol,35,0.00018443
cyclohexanol,30,0.00010144
cyclohexanol,25,0.00005502
"2,3-dihydropyran",160,52.10872948
"2,3-dihydropyran",155,49.50042359
"2,3-dihydropyran",150,46.84113257
"2,3-dihydropyran",145,44.13649779
"2,3-dihydropyran",140,41.39057432
"2,3-dihydropyran",135,38.61342911
"2,3-dihydropyran",130,35.81262965
"2,3-dihydropyran",125,33.00025317
"2,3-dihydropyran",120,30.19030882
"2,3-dihydropyran",115,27.39751020
"2,3-dihydropyran",110,24.64013477
"2,3-dihydropyran",105,21.94037659
"2,3-dihydropyran",100,19.32053772
"2,3-dihydropyran",95,16.80657271
"2,3-dihydropyran",90,14.42464176
"2,3-dihydropyran",85,12.20089930
"2,3-dihydropyran",80,10.15958120
"2,3-dihydropyran",75,8.32065616
"2,3-dihydropyran",70,6.69779342
"2,3-dihydropyran",65,5.29704579
"2,3-dihydropyran",60,4.11542951
"2,3-dihydropyran",55,3.14168379
"2,3-dihydropyran",50,2.35752583
"2,3-dihydropyran",45,1.73994355
"2,3-dihydropyran",40,1.26372643
"2,3-dihydropyran",35,0.90374004
"2,3-dihydropyran",30,0.63663463
"2,3-dihydropyran",25,0.44188419
dimethylformamide,160,100.00000000
dimethylformamide,155,54.03848236
dimethylformamide,150,51.70932804
dimethylformamide,145,49.36527365
dimethylformamide,140,47.01376474
dimethylformamide,135,44.66127592
dimethylformamide,130,42.31398650
dimethylformamide,125,39.97758283
dimethylformamide,120,37.65697127
dimethylformamide,115,35.36208851
dimethylformamide,110,33.09523891
dimethylformamide,105,30.86464799
dimethylformamide,100,28.67531829
dimethylformamide,95,26.53213972
dimethylformamide,90,24.44179565
dimethylformamide,85,22.41015107
dimethylformamide,80,20.44152799
dimethylformamide,75,18.54145762
dimethylformamide,70,16.71612055
dimethylformamide,65,14.97031248
dimethylformamide,60,13.31000631
dimethylformamide,55,11.73991751
dimethylformamide,50,10.26490952
dimethylformamide,45,8.89082736
dimethylformamide,40,7.62158314
dimethylformamide,35,6.46117938
dimethylformamide,30,5.41219500
dimethylformamide,25,4.47598264
dimethylsulfoxide,160,32.85106329
dimethylsulfoxide,155,30.17415973
dimethylsulfoxide,150,27.65913252
dimethylsulfoxide,145,25.29744500
dimethylsulfoxide,140,23.08108440
dimethylsulfoxide,135,21.00341792
dimethylsulfoxide,130,19.05750747
dimethylsulfoxide,125,17.23682669
dimethylsulfoxide,120,15.53508199
dimethylsulfoxide,115,13.94716386
dimethylsulfoxide,110,12.46787363
dimethylsulfoxide,105,11.09368515
dimethylsulfoxide,100,9.82103901
dimethylsulfoxide,95,8.64638258
dimethylsulfoxide,90,7.56672234
dimethylsulfoxide,85,6.57918813
dimethylsulfoxide,80,5.68090178
dimethylsulfoxide,75,4.86910921
dimethylsulfoxide,70,4.14076357
dimethylsulfoxide,65,3.49238967
dimethylsulfoxide,60,2.92037833
dimethylsulfoxide,55,2.42052062
dimethylsulfoxide,50,1.98811311
dimethylsulfoxide,45,1.61808297
dimethylsulfoxide,40,1.30490472
dimethylsulfoxide,35,1.04280964
dimethylsulfoxide,30,0.82593025
dimethylsulfoxide,25,0.64845670
diphenylether,160,25.15526050
diphenylether,155,22.48987359
diphenylether,150,19.94888500
diphenylether,145,17.54800994
diphenylether,140,15.30110004
diphenylether,135,13.22015968
diphenylether,130,11.31430542
diphenylether,125,9.58913910
diphenylether,120,8.04651312
diphenylether,115,6.68442821
diphenylether,110,5.49710259
diphenylether,105,4.47533562
diphenylether,100,3.60721153
diphenylether,95,2.87882690
diphenylether,90,2.27513469
diphenylether,85,1.78070286
diphenylether,80,1.38039324
diphenylether,75,1.05988656
diphenylether,70,0.80604254
diphenylether,65,0.60711676
diphenylether,60,0.45284637
diphenylether,55,0.33443919
diphenylether,50,0.24449435
diphenylether,45,0.17687994
diphenylether,40,0.12658867
diphenylether,35,0.08958640
diphenylether,30,0.06266448
diphenylether,25,0.04330229
dodecane,160,0.55528514
dodecane,155,0.42896230
dodecane,150,0.32951889
dodecane,145,0.25161267
dodecane,140,0.19090324
dodecane,135,0.14386762
dodecane,130,0.10765230
dodecane,125,0.07995308
dodecane,120,0.05891670
dodecane,115,0.04305956
dodecane,110,0.03120049
dodecane,105,0.02240484
dodecane,100,0.01593794
dodecane,95,0.01122657
dodecane,90,0.00782695
dodecane,85,0.00539841
dodecane,80,0.00368174
dodecane,75,0.00248159
dodecane,70,0.00165219
dodecane,65,0.00108590
dodecane,60,0.00070414
dodecane,55,0.00045017
dodecane,50,0.00028357
dodecane,45,0.00017586
dodecane,40,0.00010729
dodecane,35,0.00006434
dodecane,30,0.00003790
dodecane,25,0.00002190
ethanol,160,30.40024562
ethanol,155,23.61067860
ethanol,150,17.66986719
ethanol,145,12.79186930
ethanol,140,9.00216659
ethanol,135,6.18877240
ethanol,130,4.17379049
ethanol,125,2.77028601
ethanol,120,1.81375064
ethanol,115,1.17314263
ethanol,110,0.75035594
ethanol,105,0.47488669
ethanol,100,0.29749562
ethanol,95,0.18451872
ethanol,90,0.11332782
ethanol,85,0.06893145
ethanol,80,0.04152619
ethanol,75,0.02477899
ethanol,70,0.01464640
ethanol,65,0.00857606
ethanol,60,0.00497476
ethanol,55,0.00285885
ethanol,50,0.00162760
ethanol,45,0.00091796
ethanol,40,0.00051285
ethanol,35,0.00028379
ethanol,30,0.00015552
ethanol,25,0.00008439
ethylacetate,160,51.45007686
ethylacetate,155,48.90730073
ethylacetate,150,46.32640256
ethylacetate,145,43.71349659
ethylacetate,140,41.07316619
ethylacetate,135,38.41447801
ethylacetate,130,35.74413404
ethylacetate,125,33.07311872
ethylacetate,120,30.41187702
ethylacetate,115,27.77371361
ethylacetate,110,25.17425738
ethylacetate,105,22.62650175
ethylacetate,100,20.15014937
ethylacetate,95,17.76380686
ethylacetate,90,15.48689124
ethylacetate,85,13.33892721
ethylacetate,80,11.33901642
ethylacetate,75,9.50443198
ethylacetate,70,7.84896288
ethylacetate,65,6.38182594
ethylacetate,60,5.10652299
ethylacetate,55,4.02040324
ethylacetate,50,3.11450853
ethylacetate,45,2.37462492
ethylacetate,40,1.78262761
ethylacetate,35,1.31823896
ethylacetate,30,0.96073886
ethylacetate,25,0.69036492
glycol,160,0.02556454
glycol,155,0.01643423
glycol,150,0.01045861
glycol,145,0.00658800
glycol,140,0.00410722
glycol,135,0.00253415
glycol,130,0.00154739
glycol,125,0.00093509
glycol,120,0.00055927
glycol,115,0.00033108
glycol,110,0.00019402
glycol,105,0.00011257
glycol,100,0.00006467
glycol,95,0.00003680
glycol,90,0.00002075
glycol,85,0.00001159
glycol,80,0.00000642
glycol,75,0.00000352
glycol,70,0.00000192
glycol,65,0.00000104
glycol,60,0.00000056
glycol,55,0.00000030
glycol,50,0.00000016
glycol,45,0.00000008
glycol,40,0.00000004
glycol,35,0.00000002
glycol,30,0.00000001
glycol,25,0.00000001
n-heptane,160,2.67987234
n-heptane,155,2.05602039
n-heptane,150,1.57144451
n-heptane,145,1.19569237
n-heptane,140,0.90513442
n-heptane,135,0.68128398
n-heptane,130,0.50960265
n-heptane,125,0.37861927
n-heptane,120,0.27927380
n-heptane,115,0.20441330
n-heptane,110,0.14840145
n-heptane,105,0.10681122
n-heptane,100,0.07618057
n-heptane,95,0.05381662
n-heptane,90,0.03763788
n-heptane,85,0.02604691
n-heptane,80,0.01782739
n-heptane,75,0.01206115
n-heptane,70,0.00806152
n-heptane,65,0.00532010
n-heptane,60,0.00346440
n-heptane,55,0.00222465
n-heptane,50,0.00140773
n-heptane,45,0.00087717
n-heptane,40,0.00053779
n-heptane,35,0.00032415
n-heptane,30,0.00019192
n-heptane,25,0.00011150
hexane,160,4.71344476
hexane,155,3.59785636
hexane,150,2.73892933
hexane,145,2.07758340
hexane,140,1.56904375
hexane,135,1.17896903
hexane,130,0.88080815
hexane,125,0.65390335
hexane,120,0.48212216
hexane,115,0.35284239
hexane,110,0.25618967
hexane,105,0.18445125
hexane,100,0.13162090
hexane,95,0.09304123
hexane,90,0.06512014
hexane,85,0.04510473
hexane,80,0.03090064
hexane,75,0.02092741
hexane,70,0.01400297
hexane,65,0.00925178
hexane,60,0.00603200
hexane,55,0.00387831
hexane,50,0.00245737
hexane,45,0.00153330
hexane,40,0.00094139
hexane,35,0.00056825
hexane,30,0.00033695
hexane,25,0.00019607
isopropylamine,160,100.00000000
isopropylamine,155,60.95014998
isopropylamine,150,58.53790831
isopropylamine,145,56.01970378
isopropylamine,140,53.38804700
isopropylamine,135,50.64135804
isopropylamine,130,47.77465340
isopropylamine,125,44.78990444
isopropylamine,120,41.68645183
isopropylamine,115,38.47055726
isopropylamine,110,35.15120094
isopropylamine,105,31.74647068
isopropylamine,100,28.28318484
isopropylamine,95,24.79683627
isopropylamine,90,21.33863032
isopropylamine,85,17.97213431
isopropylamine,80,14.77075513
isopropylamine,75,11.81377555
isopropylamine,70,9.17515095
isopropylamine,65,6.91051499
isopropylamine,60,5.04670429
isopropylamine,55,3.57693692
isopropylamine,50,2.46473534
isopropylamine,45,1.65458186
isopropylamine,40,1.08427605
isopropylamine,35,0.69477411
isopropylamine,30,0.43581856
isopropylamine,25,0.26780442
methanol,160,9.64386579
methanol,155,6.51194654
methanol,150,4.31244669
methanol,145,2.80978517
methanol,140,1.80567835
methanol,135,1.14658323
methanol,130,0.72028242
methanol,125,0.44801253
methanol,120,0.27606488
methanol,115,0.16859360
methanol,110,0.10207468
methanol,105,0.06128620
methanol,100,0.03649973
methanol,95,0.02156814
methanol,90,0.01264876
methanol,85,0.00736397
methanol,80,0.00425719
methanol,75,0.00244453
methanol,70,0.00139457
methanol,65,0.00079061
methanol,60,0.00044551
methanol,55,0.00024957
methanol,50,0.00013901
methanol,45,0.00007700
methanol,40,0.00004241
methanol,35,0.00002323
methanol,30,0.00001265
methanol,25,0.00000685
methanol,160,9.64386579
methanol,155,6.51194654
methanol,150,4.31244669
methanol,145,2.80978517
methanol,140,1.80567835
methanol,135,1.14658323
methanol,130,0.72028242
methanol,125,0.44801253
methanol,120,0.27606488
methanol,115,0.16859360
methanol,110,0.10207468
methanol,105,0.06128620
methanol,100,0.03649973
methanol,95,0.02156814
methanol,90,0.01264876
methanol,85,0.00736397
methanol,80,0.00425719
methanol,75,0.00244453
methanol,70,0.00139457
methanol,65,0.00079061
methanol,60,0.00044551
methanol,55,0.00024957
methanol,50,0.00013901
methanol,45,0.00007700
methanol,40,0.00004241
methanol,35,0.00002323
methanol,30,0.00001265
methanol,25,0.00000685
methylacetate,160,55.73667195
methylacetate,155,53.20291377
methylacetate,150,50.60789875
methylacetate,145,47.95669133
methylacetate,140,45.25674161
methylacetate,135,42.51271697
methylacetate,130,39.73427055
methylacetate,125,36.93315918
methylacetate,120,34.12075642
methylacetate,115,31.30999843
methylacetate,110,28.51693488
methylacetate,105,25.76058324
methylacetate,100,23.06007159
methylacetate,95,20.43533380
methylacetate,90,17.91063815
methylacetate,85,15.50806900
methylacetate,80,13.25116513
methylacetate,75,11.16140003
methylacetate,70,9.25772887
methylacetate,65,7.55486587
methylacetate,60,6.06160016
methylacetate,55,4.77971067
methylacetate,50,3.70363829
methylacetate,45,2.82062837
methylacetate,40,2.11226024
methylacetate,35,1.55632278
methylacetate,30,1.12900957
methylacetate,25,0.80692188
butanone,160,57.96028387
butanone,155,55.61423253
butanone,150,53.21405187
butanone,145,50.75971760
butanone,140,48.25688568
butanone,135,45.70804598
butanone,130,43.11915890
butanone,125,40.49546355
butanone,120,37.84391712
butanone,115,35.17401575
butanone,110,32.49451771
butanone,105,29.81788402
butanone,100,27.15774691
butanone,95,24.52989609
butanone,90,21.95317674
butanone,85,19.44460057
butanone,80,17.02808063
butanone,75,14.72504870
butanone,70,12.55906431
butanone,65,10.55214131
butanone,60,8.72407279
butanone,55,7.09047792
butanone,50,5.66094222
butanone,45,4.43775924
butanone,40,3.41546041
butanone,35,2.58117409
butanone,30,1.91623462
butanone,25,1.39824004
ch2cl2,160,100.00000000
ch2cl2,155,100.00000000
ch2cl2,150,100.00000000
ch2cl2,145,100.00000000
ch2cl2,140,47.16736766
ch2cl2,135,44.90223625
ch2cl2,130,42.62392815
ch2cl2,125,40.33232698
ch2cl2,120,38.03548403
ch2cl2,115,35.73534907
ch2cl2,110,33.44082437
ch2cl2,105,31.15390735
ch2cl2,100,28.88319020
ch2cl2,95,26.63611316
ch2cl2,90,24.41932363
ch2cl2,85,22.24349473
ch2cl2,80,20.11607188
ch2cl2,75,18.04976181
ch2cl2,70,16.05328385
ch2cl2,65,14.13997672
ch2cl2,60,12.32246355
ch2cl2,55,10.61216259
ch2cl2,50,9.02215465
ch2cl2,45,7.56357386
ch2cl2,40,6.24615775
ch2cl2,35,5.07660947
ch2cl2,30,4.05806723
ch2cl2,25,3.18919395
propyleneglycol,160,0.41097749
propyleneglycol,155,0.27826749
propyleneglycol,150,0.18680121
propyleneglycol,145,0.12427295
propyleneglycol,140,0.08190295
propyleneglycol,135,0.05345988
propyleneglycol,130,0.03455166
propyleneglycol,125,0.02210823
propyleneglycol,120,0.01400345
propyleneglycol,115,0.00877976
propyleneglycol,110,0.00544857
propyleneglycol,105,0.00334683
propyleneglycol,100,0.00203494
propyleneglycol,95,0.00122477
propyleneglycol,90,0.00072975
propyleneglycol,85,0.00043048
propyleneglycol,80,0.00025143
propyleneglycol,75,0.00014542
propyleneglycol,70,0.00008330
propyleneglycol,65,0.00004726
propyleneglycol,60,0.00002656
propyleneglycol,55,0.00001479
propyleneglycol,50,0.00000815
propyleneglycol,45,0.00000446
propyleneglycol,40,0.00000241
propyleneglycol,35,0.00000129
propyleneglycol,30,0.00000069
propyleneglycol,25,0.00000036
tert-butanol,160,28.21476078
tert-butanol,155,22.57874427
tert-butanol,150,17.50469750
tert-butanol,145,13.19046170
tert-butanol,140,9.70227437
tert-butanol,135,6.99502703
tert-butanol,130,4.95977082
tert-butanol,125,3.46686300
tert-butanol,120,2.39280892
tert-butanol,115,1.63230612
tert-butanol,110,1.10118028
tert-butanol,105,0.73484746
tert-butanol,100,0.48513340
tert-butanol,95,0.31684629
tert-butanol,90,0.20470695
tert-butanol,85,0.13081967
tert-butanol,80,0.08268432
tert-butanol,75,0.05168118
tert-butanol,70,0.03194087
tert-butanol,65,0.01951677
tert-butanol,60,0.01178829
tert-butanol,55,0.00703724
tert-butanol,50,0.00415123
tert-butanol,45,0.00241923
tert-butanol,40,0.00139247
tert-butanol,35,0.00079136
tert-butanol,30,0.00044390
tert-butanol,25,0.00024566
thf,160,100.00000000
thf,155,100.00000000
thf,150,100.00000000
thf,145,53.57599776
thf,140,51.35401073
thf,135,49.09799364
thf,130,46.81149822
thf,125,44.49698262
thf,120,42.16020047
thf,115,39.80408676
thf,110,37.43243052
thf,105,35.05266035
thf,100,32.67023947
thf,95,30.29294861
thf,90,27.92924954
thf,85,25.58760945
thf,80,23.27805278
thf,75,21.01387166
thf,70,18.80637725
thf,65,16.67007106
thf,60,14.61983020
thf,55,12.67026042
thf,50,10.83868406
thf,45,9.14018331
thf,40,7.58874989
thf,35,6.19609630
thf,30,4.97023586
thf,25,3.91396649
thp,160,51.02233341
thp,155,48.40975199
thp,150,45.75720248
thp,145,43.07424235
thp,140,40.36691714
thp,135,37.64364579
thp,130,34.91645729
thp,125,32.19563839
thp,120,29.49465905
thp,115,26.82852778
thp,110,24.21189873
thp,105,21.66344742
thp,100,19.20165740
thp,95,16.84562304
thp,90,14.61417857
thp,85,12.52637708
thp,80,10.59895420
thp,75,8.84607052
thp,70,7.27780295
thp,65,5.89913348
thp,60,4.70971017
thp,55,3.70317926
thp,50,2.86797938
thp,45,2.18836337
thp,40,1.64577138
thp,35,1.22042773
thp,30,0.89275148
thp,25,0.64443787
toluene,160,47.58720847
toluene,155,44.79035689
toluene,150,41.95728619
toluene,145,39.09728770
toluene,140,36.21887253
toluene,135,33.33677157
toluene,130,30.46622603
toluene,125,27.62380639
toluene,120,24.82998027
toluene,115,22.10567919
toluene,110,19.47464203
toluene,105,16.96126688
toluene,100,14.59043146
toluene,95,12.38547639
toluene,90,10.36686809
toluene,85,8.55031926
toluene,80,6.94585275
toluene,75,5.55601840
toluene,70,4.37601452
toluene,65,3.39421980
toluene,60,2.59342217
toluene,55,1.95271964
toluene,50,1.44947645
toluene,45,1.06105712
toluene,40,0.76619408
toluene,35,0.54585462
toluene,30,0.38367555
toluene,25,0.26604402
triethylamine,160,19.47778429
triethylamine,155,16.17838944
triethylamine,150,13.30012982
triethylamine,145,10.83140796
triethylamine,140,8.74457117
triethylamine,135,7.00262799
triethylamine,130,5.56455321
triethylamine,125,4.38900391
triethylamine,120,3.43668688
triethylamine,115,2.67167278
triethylamine,110,2.06202715
triethylamine,105,1.57995497
triethylamine,100,1.20166427
triethylamine,95,0.90706757
triethylamine,90,0.67940379
triethylamine,85,0.50483307
triethylamine,80,0.37203723
triethylamine,75,0.27184392
triethylamine,70,0.19688513
triethylamine,65,0.14129337
triethylamine,60,0.10043666
triethylamine,55,0.07069048
triethylamine,50,0.04924420
triethylamine,45,0.03393850
triethylamine,40,0.02313034
triethylamine,35,0.01558194
triethylamine,30,0.01037051
triethylamine,25,0.00681546
h2o,160,0.00000000
h2o,155,0.00000000
h2o,150,0.00000000
h2o,145,0.00000000
h2o,140,0.00000000
h2o,135,0.00000000
h2o,130,0.00000000
h2o,125,0.00000000
h2o,120,0.00000000
h2o,115,0.00000000
h2o,110,0.00000000
h2o,105,0.00000000
h2o,100,0.00000000
h2o,95,0.00000000
h2o,90,0.00000000
h2o,85,0.00000000
h2o,80,0.00000000
h2o,75,0.00000000
h2o,70,0.00000000
h2o,65,0.00000000
h2o,60,0.00000000
h2o,55,0.00000000
h2o,50,0.00000000
h2o,45,0.00000000
h2o,40,0.00000000
h2o,35,0.00000000
h2o,30,0.00000000
h2o,25,0.00000000
h2o,160,0.00000000
h2o,155,0.00000000
h2o,150,0.00000000
h2o,145,0.00000000
h2o,140,0.00000000
h2o,135,0.00000000
h2o,130,0.00000000
h2o,125,0.00000000
h2o,120,0.00000000
h2o,115,0.00000000
h2o,110,0.00000000
h2o,105,0.00000000
h2o,100,0.00000000
h2o,95,0.00000000
h2o,90,0.00000000
h2o,85,0.00000000
h2o,80,0.00000000
h2o,75,0.00000000
h2o,70,0.00000000
h2o,65,0.00000000
h2o,60,0.00000000
h2o,55,0.00000000
h2o,50,0.00000000
h2o,45,0.00000000
h2o,40,0.00000000
h2o,35,0.00000000
h2o,30,0.00000000
h2o,25,0.00000000
h2o,160,0.00000000
h2o,155,0.00000000
h2o,150,0.00000000
h2o,145,0.00000000
h2o,140,0.00000000
h2o,135,0.00000000
h2o,130,0.00000000
h2o,125,0.00000000
h2o,120,0.00000000
h2o,115,0.00000000
h2o,110,0.00000000
h2o,105,0.00000000
h2o,100,0.00000000
h2o,95,0.00000000
h2o,90,0.00000000
h2o,85,0.00000000
h2o,80,0.00000000
h2o,75,0.00000000
h2o,70,0.00000000
h2o,65,0.00000000
h2o,60,0.00000000
h2o,55,0.00000000
h2o,50,0.00000000
h2o,45,0.00000000
h2o,40,0.00000000
h2o,35,0.00000000
h2o,30,0.00000000
h2o,25,0.00000000
"1,4-dimethylbenzene",160,39.53346803
"1,4-dimethylbenzene",155,36.44397227
"1,4-dimethylbenzene",150,33.36172185
"1,4-dimethylbenzene",145,30.30803367
"1,4-dimethylbenzene",140,27.30450676
"1,4-dimethylbenzene",135,24.37665084
"1,4-dimethylbenzene",130,21.54975660
"1,4-dimethylbenzene",125,18.85096969
"1,4-dimethylbenzene",120,16.30600809
"1,4-dimethylbenzene",115,13.93850909
"1,4-dimethylbenzene",110,11.76836179
"1,4-dimethylbenzene",105,9.81038549
"1,4-dimethylbenzene",100,8.07271753
"1,4-dimethylbenzene",95,6.55667195
"1,4-dimethylbenzene",90,5.25658417
"1,4-dimethylbenzene",85,4.16057210
"1,4-dimethylbenzene",80,3.25192561
"1,4-dimethylbenzene",75,2.51067399
"1,4-dimethylbenzene",70,1.91525214
"1,4-dimethylbenzene",65,1.44395721
"1,4-dimethylbenzene",60,1.07610637
"1,4-dimethylbenzene",55,0.79281606
"1,4-dimethylbenzene",50,0.57744530
"1,4-dimethylbenzene",45,0.41575202
"1,4-dimethylbenzene",40,0.29584656
"1,4-dimethylbenzene",35,0.20801370
"1,4-dimethylbenzene",30,0.14446358
"1,4-dimethylbenzene",25,0.09905558
"1,2-dimethylbenzene",160,40.43677185
"1,2-dimethylbenzene",155,37.41474692
"1,2-dimethylbenzene",150,34.39414605
"1,2-dimethylbenzene",145,31.39359354
"1,2-dimethylbenzene",140,28.43204875
"1,2-dimethylbenzene",135,25.53205430
"1,2-dimethylbenzene",130,22.71664756
"1,2-dimethylbenzene",125,20.01069459
"1,2-dimethylbenzene",120,17.43904161
"1,2-dimethylbenzene",115,15.02518573
"1,2-dimethylbenzene",110,12.79047824
"1,2-dimethylbenzene",105,10.75217338
"1,2-dimethylbenzene",100,8.92252524
"1,2-dimethylbenzene",95,7.30725266
"1,2-dimethylbenzene",90,5.90558695
"1,2-dimethylbenzene",85,4.71023331
"1,2-dimethylbenzene",80,3.70822171
"1,2-dimethylbenzene",75,2.88231572
"1,2-dimethylbenzene",70,2.21254553
"1,2-dimethylbenzene",65,1.67779021
"1,2-dimethylbenzene",60,1.25712611
"1,2-dimethylbenzene",55,0.93086712
"1,2-dimethylbenzene",50,0.68123725
"1,2-dimethylbenzene",45,0.49272490
"1,2-dimethylbenzene",40,0.35217410
"1,2-dimethylbenzene",35,0.24869492
"1,2-dimethylbenzene",30,0.17346137
"1,2-dimethylbenzene",25,0.11945301
