Solvent,Temperature (°C),Solubility (%),Polymer
propanol,160,61.6273399,PS
propanol,155,54.86706415,PS
propanol,150,47.34568086,PS
propanol,145,39.53130216,PS
propanol,140,32.0288821,PS
propanol,135,25.3281035,PS
propanol,130,19.66739036,PS
propanol,125,15.06729369,PS
propanol,120,11.42575835,PS
propanol,115,8.59406868,PS
propanol,110,6.4198467,PS
propanol,105,4.76635951,PS
propanol,100,3.51854796,PS
propanol,95,2.5831313,PS
propanol,90,1.88612916,PS
propanol,85,1.36975347,PS
propanol,80,0.98934082,PS
propanol,75,0.71065207,PS
propanol,70,0.50762848,PS
propanol,65,0.36056203,PS
propanol,60,0.25463842,PS
propanol,55,0.17878871,PS
propanol,50,0.12479219,PS
propanol,45,0.08658043,PS
propanol,40,0.05970142,PS
propanol,35,0.04090927,PS
propanol,30,0.02785226,PS
propanol,25,0.01883732,PS
2-propanol,160,63.38665904,PS
2-propanol,155,57.10046761,PS
2-propanol,150,49.98109295,PS
2-propanol,145,42.35849708,PS
2-propanol,140,34.77463533,PS
2-propanol,135,27.7775819,PS
2-propanol,130,21.71953448,PS
2-propanol,125,16.71490936,PS
2-propanol,120,12.71185932,PS
2-propanol,115,9.57929276,PS
2-propanol,110,7.16479515,PS
2-propanol,105,5.32426914,PS
2-propanol,100,3.93324034,PS
2-propanol,95,2.88941591,PS
2-propanol,90,2.11104818,PS
2-propanol,85,1.53402261,PS
2-propanol,80,1.10866825,PS
2-propanol,75,0.79686304,PS
2-propanol,70,0.56956662,PS
2-propanol,65,0.40480473,PS
2-propanol,60,0.28605155,PS
2-propanol,55,0.20095296,PS
2-propanol,50,0.14032831,PS
2-propanol,45,0.097396,PS
2-propanol,40,0.06717683,PS
2-propanol,35,0.04603735,PS
2-propanol,30,0.03134253,PS
2-propanol,25,0.02119342,PS
propanone,160,100,PS
propanone,155,100,PS
propanone,150,73.29350496,PS
propanone,145,71.01096177,PS
propanone,140,68.62880403,PS
propanone,135,66.14970578,PS
propanone,130,63.57761658,PS
propanone,125,60.91763579,PS
propanone,120,58.17749172,PS
propanone,115,55.36624377,PS
propanone,110,52.49583202,PS
propanone,105,49.57894542,PS
propanone,100,46.63001257,PS
propanone,95,43.66459678,PS
propanone,90,40.69904286,PS
propanone,85,37.75011428,PS
propanone,80,34.8346486,PS
propanone,75,31.96948379,PS
propanone,70,29.17019218,PS
propanone,65,26.45238472,PS
propanone,60,23.83121637,PS
propanone,55,21.31941991,PS
propanone,50,18.93023303,PS
propanone,45,16.67465916,PS
propanone,40,14.56239562,PS
propanone,35,12.60194954,PS
propanone,30,10.79995178,PS
propanone,25,9.16066148,PS
acetylacetone,160,57.15028622,PS
acetylacetone,155,52.76489147,PS
acetylacetone,150,48.23595325,PS
acetylacetone,145,43.64554476,PS
acetylacetone,140,39.09056413,PS
acetylacetone,135,34.67053003,PS
acetylacetone,130,30.47287554,PS
acetylacetone,125,26.56360768,PS
acetylacetone,120,22.98386107,PS
acetylacetone,115,19.75192557,PS
acetylacetone,110,16.86817272,PS
acetylacetone,105,14.32036171,PS
acetylacetone,100,12.08838417,PS
acetylacetone,95,10.14775437,PS
acetylacetone,90,8.47201525,PS
acetylacetone,85,7.03436473,PS
acetylacetone,80,5.80865446,PS
acetylacetone,75,4.77001097,PS
acetylacetone,70,3.89519705,PS
acetylacetone,65,3.16280701,PS
acetylacetone,60,2.55335457,PS
acetylacetone,55,2.04928189,PS
acetylacetone,50,1.63491953,PS
acetylacetone,45,1.29640833,PS
acetylacetone,40,1.0215953,PS
acetylacetone,35,0.79991227,PS
acetylacetone,30,0.62224319,PS
acetylacetone,25,0.48078754,PS
benzene,160,100,PS
benzene,155,70.63239706,PS
benzene,150,68.3128782,PS
benzene,145,65.92236985,PS
benzene,140,63.46166718,PS
benzene,135,60.93298616,PS
benzene,130,58.33849263,PS
benzene,125,55.68019432,PS
benzene,120,52.96195705,PS
benzene,115,50.1882974,PS
benzene,110,47.364589,PS
benzene,105,44.49849182,PS
benzene,100,41.59837895,PS
benzene,95,38.67372065,PS
benzene,90,35.73799362,PS
benzene,85,32.80430076,PS
benzene,80,29.89040296,PS
benzene,75,27.01490736,PS
benzene,70,24.19876798,PS
benzene,65,21.46535369,PS
benzene,60,18.83924452,PS
benzene,55,16.34503457,PS
benzene,50,14.00691441,PS
benzene,45,11.84651599,PS
benzene,40,9.88196768,PS
benzene,35,8.12573041,PS
benzene,30,6.58381919,PS
benzene,25,5.25521926,PS
chcl3,160,62.63462364,PS
chcl3,155,59.85024624,PS
chcl3,150,57.02371559,PS
chcl3,145,54.16020599,PS
chcl3,140,51.26566728,PS
chcl3,135,48.34694146,PS
chcl3,130,45.41188268,PS
chcl3,125,42.46947447,PS
chcl3,120,39.52993607,PS
chcl3,115,36.60462039,PS
chcl3,110,33.70688679,PS
chcl3,105,30.85087967,PS
chcl3,100,28.05149843,PS
chcl3,95,25.32627674,PS
chcl3,90,22.69217489,PS
chcl3,85,20.16689217,PS
chcl3,80,17.76797523,PS
chcl3,75,15.51155413,PS
chcl3,70,13.41223772,PS
chcl3,65,11.48188048,PS
chcl3,60,9.72874931,PS
chcl3,55,8.15711128,PS
chcl3,50,6.76698481,PS
chcl3,45,5.55410857,PS
chcl3,40,4.51027104,PS
chcl3,35,3.62405058,PS
chcl3,30,2.8816167,PS
chcl3,25,2.26767963,PS
cyclohexane,160,64.92394749,PS
cyclohexane,155,61.15066816,PS
cyclohexane,150,57.06867307,PS
cyclohexane,145,52.66668521,PS
cyclohexane,140,47.95313123,PS
cyclohexane,135,42.97060162,PS
cyclohexane,130,37.81195535,PS
cyclohexane,125,32.62663844,PS
cyclohexane,120,27.606219,PS
cyclohexane,115,22.94234904,PS
cyclohexane,110,18.77860652,PS
cyclohexane,105,15.18455211,PS
cyclohexane,100,12.16162708,PS
cyclohexane,95,9.66589963,PS
cyclohexane,90,7.63234029,PS
cyclohexane,85,5.99083344,PS
cyclohexane,80,4.67533042,PS
cyclohexane,75,3.62737578,PS
cyclohexane,70,2.79714019,PS
cyclohexane,65,2.14297326,PS
cyclohexane,60,1.63044136,PS
cyclohexane,55,1.23130118,PS
cyclohexane,50,0.92249287,PS
cyclohexane,45,0.6852653,PS
cyclohexane,40,0.50442564,PS
cyclohexane,35,0.36771732,PS
cyclohexane,30,0.26529841,PS
cyclohexane,25,0.18930945,PS
cyclohexanol,160,49.79840939,PS
cyclohexanol,155,43.19963182,PS
cyclohexanol,150,36.3714025,PS
cyclohexanol,145,29.73930472,PS
cyclohexanol,140,23.723905,PS
cyclohexanol,135,18.58338178,PS
cyclohexanol,130,14.37605391,PS
cyclohexanol,125,11.02691435,PS
cyclohexanol,120,8.40549991,PS
cyclohexanol,115,6.37478883,PS
cyclohexanol,110,4.81230723,PS
cyclohexanol,105,3.61625031,PS
cyclohexanol,100,2.7047241,PS
cyclohexanol,95,2.01303765,PS
cyclohexanol,90,1.49049674,PS
cyclohexanol,85,1.0976023,PS
cyclohexanol,80,0.80367783,PS
cyclohexanol,75,0.58497492,PS
cyclohexanol,70,0.42316752,PS
cyclohexanol,65,0.30416937,PS
cyclohexanol,60,0.21719989,PS
cyclohexanol,55,0.15404956,PS
cyclohexanol,50,0.10850117,PS
cyclohexanol,45,0.07587462,PS
cyclohexanol,40,0.05266939,PS
cyclohexanol,35,0.03628486,PS
cyclohexanol,30,0.02480257,PS
cyclohexanol,25,0.0168175,PS
"2,3-dihydropyran",160,100,PS
"2,3-dihydropyran",155,69.02635564,PS
"2,3-dihydropyran",150,66.63649088,PS
"2,3-dihydropyran",145,64.18315629,PS
"2,3-dihydropyran",140,61.66712312,PS
"2,3-dihydropyran",135,59.09182251,PS
"2,3-dihydropyran",130,56.46004529,PS
"2,3-dihydropyran",125,53.77591673,PS
"2,3-dihydropyran",120,51.04323733,PS
"2,3-dihydropyran",115,48.26751702,PS
"2,3-dihydropyran",110,45.45603733,PS
"2,3-dihydropyran",105,42.61653799,PS
"2,3-dihydropyran",100,39.75741626,PS
"2,3-dihydropyran",95,36.88963586,PS
"2,3-dihydropyran",90,34.02634788,PS
"2,3-dihydropyran",85,31.18052842,PS
"2,3-dihydropyran",80,28.36933099,PS
"2,3-dihydropyran",75,25.60948942,PS
"2,3-dihydropyran",70,22.92067353,PS
"2,3-dihydropyran",65,20.32345288,PS
"2,3-dihydropyran",60,17.83919531,PS
"2,3-dihydropyran",55,15.48872581,PS
"2,3-dihydropyran",50,13.29213999,PS
"2,3-dihydropyran",45,11.26687722,PS
"2,3-dihydropyran",40,9.42724569,PS
"2,3-dihydropyran",35,7.78250735,PS
"2,3-dihydropyran",30,6.33647381,PS
"2,3-dihydropyran",25,5.08710995,PS
dimethylformamide,160,71.03952181,PS
dimethylformamide,155,68.36316822,PS
dimethylformamide,150,65.59206705,PS
dimethylformamide,145,62.73926227,PS
dimethylformamide,140,59.8210582,PS
dimethylformamide,135,56.85465924,PS
dimethylformamide,130,53.86029511,PS
dimethylformamide,125,50.85823093,PS
dimethylformamide,120,47.86794117,PS
dimethylformamide,115,44.90799725,PS
dimethylformamide,110,41.9958123,PS
dimethylformamide,105,39.14643604,PS
dimethylformamide,100,36.3720182,PS
dimethylformamide,95,33.68290085,PS
dimethylformamide,90,31.08798187,PS
dimethylformamide,85,28.59358305,PS
dimethylformamide,80,26.20467235,PS
dimethylformamide,75,23.92490205,PS
dimethylformamide,70,21.75685245,PS
dimethylformamide,65,19.70224643,PS
dimethylformamide,60,17.76223931,PS
dimethylformamide,55,15.93692314,PS
dimethylformamide,50,14.22686708,PS
dimethylformamide,45,12.6315722,PS
dimethylformamide,40,11.15010053,PS
dimethylformamide,35,9.78178363,PS
dimethylformamide,30,8.52473502,PS
dimethylformamide,25,7.37742134,PS
dimethylsulfoxide,160,43.41303951,PS
dimethylsulfoxide,155,38.6323231,PS
dimethylsulfoxide,150,34.50839705,PS
dimethylsulfoxide,145,30.91987211,PS
dimethylsulfoxide,140,27.76612605,PS
dimethylsulfoxide,135,24.96939075,PS
dimethylsulfoxide,130,22.47052195,PS
dimethylsulfoxide,125,20.22416352,PS
dimethylsulfoxide,120,18.19511473,PS
dimethylsulfoxide,115,16.3556878,PS
dimethylsulfoxide,110,14.68358594,PS
dimethylsulfoxide,105,13.16082922,PS
dimethylsulfoxide,100,11.77258099,PS
dimethylsulfoxide,95,10.50645375,PS
dimethylsulfoxide,90,9.35196466,PS
dimethylsulfoxide,85,8.30012229,PS
dimethylsulfoxide,80,7.34310605,PS
dimethylsulfoxide,75,6.47401312,PS
dimethylsulfoxide,70,5.68664529,PS
dimethylsulfoxide,65,4.97539633,PS
dimethylsulfoxide,60,4.3350524,PS
dimethylsulfoxide,55,3.76068032,PS
dimethylsulfoxide,50,3.24765075,PS
dimethylsulfoxide,45,2.79152814,PS
dimethylsulfoxide,40,2.38795952,PS
dimethylsulfoxide,35,2.03274453,PS
dimethylsulfoxide,30,1.72177528,PS
dimethylsulfoxide,25,1.4510778,PS
diphenylether,160,50.41070629,PS
diphenylether,155,47.08159653,PS
diphenylether,150,43.77532952,PS
diphenylether,145,40.50672205,PS
diphenylether,140,37.29144668,PS
diphenylether,135,34.14583303,PS
diphenylether,130,31.0866526,PS
diphenylether,125,28.13049409,PS
diphenylether,120,25.29378959,PS
diphenylether,115,22.5919716,PS
diphenylether,110,20.03901699,PS
diphenylether,105,17.64705886,PS
diphenylether,100,15.42564819,PS
diphenylether,95,13.38155143,PS
diphenylether,90,11.51842445,PS
diphenylether,85,9.8366439,PS
diphenylether,80,8.33347081,PS
diphenylether,75,7.00319959,PS
diphenylether,70,5.83756391,PS
diphenylether,65,4.82621702,PS
diphenylether,60,3.95728411,PS
diphenylether,55,3.21789742,PS
diphenylether,50,2.59473639,PS
diphenylether,45,2.07448597,PS
diphenylether,40,1.64422086,PS
diphenylether,35,1.29170205,PS
diphenylether,30,1.00558677,PS
diphenylether,25,0.77555975,PS
dodecane,160,20.00150346,PS
dodecane,155,16.41510233,PS
dodecane,150,13.47434073,PS
dodecane,145,11.06112357,PS
dodecane,140,9.07685471,PS
dodecane,135,7.44195892,PS
dodecane,130,6.09272558,PS
dodecane,125,4.97823232,PS
dodecane,120,4.05742841,PS
dodecane,115,3.2970585,PS
dodecane,110,2.6699162,PS
dodecane,105,2.15361655,PS
dodecane,100,1.72962304,PS
dodecane,95,1.38249117,PS
dodecane,90,1.09931102,PS
dodecane,85,0.86925431,PS
dodecane,80,0.68322393,PS
dodecane,75,0.53356674,PS
dodecane,70,0.41384874,PS
dodecane,65,0.31866613,PS
dodecane,60,0.24348995,PS
dodecane,55,0.18453581,PS
dodecane,50,0.13865366,PS
dodecane,45,0.10323369,PS
dodecane,40,0.07612546,PS
dodecane,35,0.05556799,PS
dodecane,30,0.04012929,PS
dodecane,25,0.02865381,PS
ethanol,160,64.48588556,PS
ethanol,155,56.62898803,PS
ethanol,150,47.80584138,PS
ethanol,145,38.91974925,PS
ethanol,140,30.80826185,PS
ethanol,135,23.89752396,PS
ethanol,130,18.26306835,PS
ethanol,125,13.79829431,PS
ethanol,120,10.32929637,PS
ethanol,115,7.67257519,PS
ethanol,110,5.66059931,PS
ethanol,105,4.15064461,PS
ethanol,100,3.02612743,PS
ethanol,95,2.19429703,PS
ethanol,90,1.58275676,PS
ethanol,85,1.13576635,PS
ethanol,80,0.81085897,PS
ethanol,75,0.57596678,PS
ethanol,70,0.40705395,PS
ethanol,65,0.28622675,PS
ethanol,60,0.20024831,PS
ethanol,55,0.13938629,PS
ethanol,50,0.09652732,PS
ethanol,45,0.06650269,PS
ethanol,40,0.04557836,PS
ethanol,35,0.03107212,PS
ethanol,30,0.02106816,PS
ethanol,25,0.01420576,PS
ethylacetate,160,69.99961571,PS
ethylacetate,155,67.57955528,PS
ethylacetate,150,65.09678001,PS
ethylacetate,145,62.55418684,PS
ethylacetate,140,59.9562811,PS
ethylacetate,135,57.30767878,PS
ethylacetate,130,54.61285383,PS
ethylacetate,125,51.87819855,PS
ethylacetate,120,49.11066413,PS
ethylacetate,115,46.31814224,PS
ethylacetate,110,43.50950466,PS
ethylacetate,105,40.69462629,PS
ethylacetate,100,37.884131,PS
ethylacetate,95,35.0904942,PS
ethylacetate,90,32.3263319,PS
ethylacetate,85,29.60460478,PS
ethylacetate,80,26.94056533,PS
ethylacetate,75,24.34885785,PS
ethylacetate,70,21.84433402,PS
ethylacetate,65,19.44284373,PS
ethylacetate,60,17.15853969,PS
ethylacetate,55,15.00597002,PS
ethylacetate,50,12.99739845,PS
ethylacetate,45,11.14353036,PS
ethylacetate,40,9.45227749,PS
ethylacetate,35,7.92871698,PS
ethylacetate,30,6.57442773,PS
ethylacetate,25,5.38722194,PS
glycol,160,0.28154837,PS
glycol,155,0.20622744,PS
glycol,150,0.15019834,PS
glycol,145,0.10874499,PS
glycol,140,0.07825398,PS
glycol,135,0.05596391,PS
glycol,130,0.03977287,PS
glycol,125,0.02808891,PS
glycol,120,0.0197134,PS
glycol,115,0.01374967,PS
glycol,110,0.00953162,PS
glycol,105,0.00656806,PS
glycol,100,0.00449955,PS
glycol,95,0.00306505,PS
glycol,90,0.00207647,PS
glycol,85,0.00139935,PS
glycol,80,0.00093828,PS
glycol,75,0.00062611,PS
glycol,70,0.00041589,PS
glycol,65,0.00027506,PS
glycol,60,0.00018117,PS
glycol,55,0.00011886,PS
glycol,50,0.0000777,PS
glycol,45,0.00005061,PS
glycol,40,0.00003286,PS
glycol,35,0.00002127,PS
glycol,30,0.00001372,PS
glycol,25,0.00000882,PS
n-heptane,160,52.30129099,PS
n-heptane,155,46.76290678,PS
n-heptane,150,41.04144005,PS
n-heptane,145,35.35555306,PS
n-heptane,140,29.94765794,PS
n-heptane,135,25.01700683,PS
n-heptane,130,20.6771443,PS
n-heptane,125,16.95515437,PS
n-heptane,120,13.81945989,PS
n-heptane,115,11.20861352,PS
n-heptane,110,9.05157308,PS
n-heptane,105,7.27931473,PS
n-heptane,100,5.82937215,PS
n-heptane,95,4.64760792,PS
n-heptane,90,3.68790666,PS
n-heptane,85,2.91149541,PS
n-heptane,80,2.28595042,PS
n-heptane,75,1.7842157,PS
n-heptane,70,1.38377757,PS
n-heptane,65,1.06592128,PS
n-heptane,60,0.81511748,PS
n-heptane,55,0.61850085,PS
n-heptane,50,0.4654446,PS
n-heptane,45,0.34719887,PS
n-heptane,40,0.2565888,PS
n-heptane,35,0.18775993,PS
n-heptane,30,0.13596265,PS
n-heptane,25,0.09736911,PS
hexane,160,60.51228512,PS
hexane,155,55.88766724,PS
hexane,150,50.90304604,PS
hexane,145,45.62306671,PS
hexane,140,40.1737247,PS
hexane,135,34.73921083,PS
hexane,130,29.5288886,PS
hexane,125,24.72683219,PS
hexane,120,20.45248596,PS
hexane,115,16.75200617,PS
hexane,110,13.61345415,PS
hexane,105,10.99049679,PS
hexane,100,8.82162298,PS
hexane,95,7.04234459,PS
hexane,90,5.59191834,PS
hexane,85,4.41607322,PS
hexane,80,3.46772024,PS
hexane,75,2.70675473,PS
hexane,70,2.09938052,PS
hexane,65,1.61730437,PS
hexane,60,1.2369675,PS
hexane,55,0.93882937,PS
hexane,50,0.70674536,PS
hexane,45,0.5274275,PS
hexane,40,0.38998859,PS
hexane,35,0.28555219,PS
hexane,30,0.20692221,PS
hexane,25,0.14830217,PS
isopropylamine,160,77.53839633,PS
isopropylamine,155,75.43796203,PS
isopropylamine,150,73.21972374,PS
isopropylamine,145,70.87573951,PS
isopropylamine,140,68.39849632,PS
isopropylamine,135,65.78023851,PS
isopropylamine,130,63.01349867,PS
isopropylamine,125,60.09136115,PS
isopropylamine,120,57.00908515,PS
isopropylamine,115,53.76367492,PS
isopropylamine,110,50.35522982,PS
isopropylamine,105,46.79066144,PS
isopropylamine,100,43.08257004,PS
isopropylamine,95,39.25406529,PS
isopropylamine,90,35.33876714,PS
isopropylamine,85,31.3839772,PS
isopropylamine,80,27.449763,PS
isopropylamine,75,23.60838526,PS
isopropylamine,70,19.9383354,PS
isopropylamine,65,16.51759635,PS
isopropylamine,60,13.41441988,PS
isopropylamine,55,10.67832981,PS
isopropylamine,50,8.33452459,PS
isopropylamine,45,6.38264749,PS
isopropylamine,40,4.80011737,PS
isopropylamine,35,3.54851161,PS
isopropylamine,30,2.58086653,PS
isopropylamine,25,1.84808506,PS
methanol,160,25.45085184,PS
methanol,155,18.70931198,PS
methanol,150,13.77799634,PS
methanol,145,10.12591048,PS
methanol,140,7.41490905,PS
methanol,135,5.40655508,PS
methanol,130,3.92447384,PS
methanol,125,2.83580553,PS
methanol,120,2.03998349,PS
methanol,115,1.46106128,PS
methanol,110,1.04194715,PS
methanol,105,0.73995646,PS
methanol,100,0.52336258,PS
methanol,95,0.36871659,PS
methanol,90,0.25878441,PS
methanol,85,0.18096908,PS
methanol,80,0.12611283,PS
methanol,75,0.08759327,PS
methanol,70,0.06064643,PS
methanol,65,0.04186251,PS
methanol,60,0.02881294,PS
methanol,55,0.01977609,PS
methanol,50,0.01353701,PS
methanol,45,0.0092419,PS
methanol,40,0.00629317,PS
methanol,35,0.00427412,PS
methanol,30,0.00289519,PS
methanol,25,0.00195581,PS
methanol,160,25.45085184,PS
methanol,155,18.70931198,PS
methanol,150,13.77799634,PS
methanol,145,10.12591048,PS
methanol,140,7.41490905,PS
methanol,135,5.40655508,PS
methanol,130,3.92447384,PS
methanol,125,2.83580553,PS
methanol,120,2.03998349,PS
methanol,115,1.46106128,PS
methanol,110,1.04194715,PS
methanol,105,0.73995646,PS
methanol,100,0.52336258,PS
methanol,95,0.36871659,PS
methanol,90,0.25878441,PS
methanol,85,0.18096908,PS
methanol,80,0.12611283,PS
methanol,75,0.08759327,PS
methanol,70,0.06064643,PS
methanol,65,0.04186251,PS
methanol,60,0.02881294,PS
methanol,55,0.01977609,PS
methanol,50,0.01353701,PS
methanol,45,0.0092419,PS
methanol,40,0.00629317,PS
methanol,35,0.00427412,PS
methanol,30,0.00289519,PS
methanol,25,0.00195581,PS
methylacetate,160,72.96393915,PS
methylacetate,155,70.59420211,PS
methylacetate,150,68.13165776,PS
methylacetate,145,65.57722589,PS
methylacetate,140,62.93344207,PS
methylacetate,135,60.20336671,PS
methylacetate,130,57.39240675,PS
methylacetate,125,54.50751868,PS
methylacetate,120,51.55760761,PS
methylacetate,115,48.5536405,PS
methylacetate,110,45.50868707,PS
methylacetate,105,42.43761771,PS
methylacetate,100,39.35804572,PS
methylacetate,95,36.28833744,PS
methylacetate,90,33.24868887,PS
methylacetate,85,30.25956686,PS
methylacetate,80,27.34243619,PS
methylacetate,75,24.51883991,PS
methylacetate,70,21.80885325,PS
methylacetate,65,19.23214776,PS
methylacetate,60,16.8058218,PS
methylacetate,55,14.54488141,PS
methylacetate,50,12.46153081,PS
methylacetate,45,10.56426708,PS
methylacetate,40,8.85808555,PS
methylacetate,35,7.34388146,PS
methylacetate,30,6.0183714,PS
methylacetate,25,4.87437653,PS
butanone,160,100,PS
butanone,155,71.9521181,PS
butanone,150,69.66944041,PS
butanone,145,67.3113285,PS
butanone,140,64.87864209,PS
butanone,135,62.37352786,PS
butanone,130,59.79981293,PS
butanone,125,57.16125004,PS
butanone,120,54.46326742,PS
butanone,115,51.71119964,PS
butanone,110,48.91269075,PS
butanone,105,46.07598508,PS
butanone,100,43.21162742,PS
butanone,95,40.33074794,PS
butanone,90,37.44525447,PS
butanone,85,34.56933655,PS
butanone,80,31.71891607,PS
butanone,75,28.90941107,PS
butanone,70,26.15933318,PS
butanone,65,23.4860003,PS
butanone,60,20.90833876,PS
butanone,55,18.44491953,PS
butanone,50,16.11380761,PS
butanone,45,13.9313014,PS
butanone,40,11.91202834,PS
butanone,35,10.06737788,PS
butanone,30,8.40539969,PS
butanone,25,6.92982087,PS
ch2cl2,160,100,PS
ch2cl2,155,100,PS
ch2cl2,150,66.58622956,PS
ch2cl2,145,64.12886345,PS
ch2cl2,140,61.60706303,PS
ch2cl2,135,59.02171324,PS
ch2cl2,130,56.37545744,PS
ch2cl2,125,53.67105146,PS
ch2cl2,120,50.91368338,PS
ch2cl2,115,48.10734739,PS
ch2cl2,110,45.2588469,PS
ch2cl2,105,42.3758201,PS
ch2cl2,100,39.46886305,PS
ch2cl2,95,36.54832668,PS
ch2cl2,90,33.62821135,PS
ch2cl2,85,30.72487925,PS
ch2cl2,80,27.85575246,PS
ch2cl2,75,25.04178365,PS
ch2cl2,70,22.30464128,PS
ch2cl2,65,19.66815497,PS
ch2cl2,60,17.15654718,PS
ch2cl2,55,14.79308207,PS
ch2cl2,50,12.59946657,PS
ch2cl2,45,10.59373277,PS
ch2cl2,40,8.78938618,PS
ch2cl2,35,7.19367479,PS
ch2cl2,30,5.80725507,PS
ch2cl2,25,4.62424695,PS
propyleneglycol,160,2.90541318,PS
propyleneglycol,155,2.17583657,PS
propyleneglycol,150,1.62765555,PS
propyleneglycol,145,1.21473138,PS
propyleneglycol,140,0.90360899,PS
propyleneglycol,135,0.66951212,PS
propyleneglycol,130,0.49383305,PS
propyleneglycol,125,0.36246569,PS
propyleneglycol,120,0.26465632,PS
propyleneglycol,115,0.19218768,PS
propyleneglycol,110,0.13877941,PS
propyleneglycol,105,0.09963993,PS
propyleneglycol,100,0.07112519,PS
propyleneglycol,95,0.05047599,PS
propyleneglycol,90,0.03561401,PS
propyleneglycol,85,0.02498306,PS
propyleneglycol,80,0.01742534,PS
propyleneglycol,75,0.01208525,PS
propyleneglycol,70,0.0083349,PS
propyleneglycol,65,0.00571671,PS
propyleneglycol,60,0.00389964,PS
propyleneglycol,55,0.00264583,PS
propyleneglycol,50,0.00178558,PS
propyleneglycol,45,0.00119864,PS
propyleneglycol,40,0.00080038,PS
propyleneglycol,35,0.0005316,PS
propyleneglycol,30,0.00035118,PS
propyleneglycol,25,0.00023073,PS
tert-butanol,160,63.42508375,PS
tert-butanol,155,58.44772108,PS
tert-butanol,150,52.89554912,PS
tert-butanol,145,46.83292065,PS
tert-butanol,140,40.43802585,PS
tert-butanol,135,34.00419124,PS
tert-butanol,130,27.87676319,PS
tert-butanol,125,22.3506663,PS
tert-butanol,120,17.59748552,PS
tert-butanol,115,13.65812927,PS
tert-butanol,110,10.48181721,PS
tert-butanol,105,7.97105277,PS
tert-butanol,100,6.01506604,PS
tert-butanol,95,4.50798395,PS
tert-butanol,90,3.35702142,PS
tert-butanol,85,2.48463864,PS
tert-butanol,80,1.82787916,PS
tert-butanol,75,1.33660001,PS
tert-butanol,70,0.971388,PS
tert-butanol,65,0.70156739,PS
tert-butanol,60,0.50346305,PS
tert-butanol,55,0.35893352,PS
tert-butanol,50,0.25417167,PS
tert-butanol,45,0.17873833,PS
tert-butanol,40,0.12479237,PS
tert-butanol,35,0.08648318,PS
tert-butanol,30,0.05947466,PS
tert-butanol,25,0.04057524,PS
thf,160,100,PS
thf,155,100,PS
thf,150,100,PS
thf,145,100,PS
thf,140,100,PS
thf,135,100,PS
thf,130,100,PS
thf,125,60.68860424,PS
thf,120,58.40131506,PS
thf,115,56.07823281,PS
thf,110,53.72034863,PS
thf,105,51.33504021,PS
thf,100,48.92252862,PS
thf,95,46.48887271,PS
thf,90,44.03898159,PS
thf,85,41.57812087,PS
thf,80,39.11066345,PS
thf,75,36.64636704,PS
thf,70,34.18910511,PS
thf,65,31.74871611,PS
thf,60,29.33166921,PS
thf,55,26.95016952,PS
thf,50,24.61156433,PS
thf,45,22.3266988,PS
thf,40,20.10775616,PS
thf,35,17.96591209,PS
thf,30,15.91381197,PS
thf,25,13.96364225,PS
thp,160,100,PS
thp,155,68.75230452,PS
thp,150,66.39730035,PS
thp,145,63.98888123,PS
thp,140,61.53166713,PS
thp,135,59.02761545,PS
thp,130,56.4816584,PS
thp,125,53.89845569,PS
thp,120,51.28222663,PS
thp,115,48.63900269,PS
thp,110,45.97514335,PS
thp,105,43.29774436,PS
thp,100,40.61433591,PS
thp,95,37.93440821,PS
thp,90,35.26725704,PS
thp,85,32.6223905,PS
thp,80,30.012245,PS
thp,75,27.44760709,PS
thp,70,24.94228739,PS
thp,65,22.50856223,PS
thp,60,20.16093469,PS
thp,55,17.91240306,PS
thp,50,15.77708847,PS
thp,45,13.76720453,PS
thp,40,11.89472364,PS
thp,35,10.16931416,PS
thp,30,8.59834642,PS
thp,25,7.18630272,PS
toluene,160,68.7885857,PS
toluene,155,66.27385367,PS
toluene,150,63.69359209,PS
toluene,145,61.05049245,PS
toluene,140,58.34844677,PS
toluene,135,55.59117053,PS
toluene,130,52.78412831,PS
toluene,125,49.93351754,PS
toluene,120,47.04639982,PS
toluene,115,44.13197733,PS
toluene,110,41.19990499,PS
toluene,105,38.2618745,PS
toluene,100,35.33051125,PS
toluene,95,32.42074761,PS
toluene,90,29.54951436,PS
toluene,85,26.73374631,PS
toluene,80,23.99358203,PS
toluene,75,21.34854057,PS
toluene,70,18.81911775,PS
toluene,65,16.42511456,PS
toluene,60,14.18485971,PS
toluene,55,12.11464485,PS
toluene,50,10.22698471,PS
toluene,45,8.53013161,PS
toluene,40,7.02748923,PS
toluene,35,5.71726342,PS
toluene,30,4.59262907,PS
toluene,25,3.64244854,PS
triethylamine,160,61.76125084,PS
triethylamine,155,58.3094296,PS
triethylamine,150,54.73677413,PS
triethylamine,145,51.06104037,PS
triethylamine,140,47.3064504,PS
triethylamine,135,43.50384243,PS
triethylamine,130,39.69053873,PS
triethylamine,125,35.90895155,PS
triethylamine,120,32.20468155,PS
triethylamine,115,28.62368623,PS
triethylamine,110,25.20932597,PS
triethylamine,105,21.99941082,PS
triethylamine,100,19.02390457,PS
triethylamine,95,16.30353315,PS
triethylamine,90,13.84940316,PS
triethylamine,85,11.66353342,PS
triethylamine,80,9.7400419,PS
triethylamine,75,8.06671781,PS
triethylamine,70,6.62671584,PS
triethylamine,65,5.40017651,PS
triethylamine,60,4.36565076,PS
triethylamine,55,3.50125865,PS
triethylamine,50,2.78558185,PS
triethylamine,45,2.19829799,PS
triethylamine,40,1.72059718,PS
triethylamine,35,1.33542158,PS
triethylamine,30,1.02756839,PS
triethylamine,25,0.78369214,PS
h2o,160,0,PS
h2o,155,0,PS
h2o,150,0,PS
h2o,145,0,PS
h2o,140,0,PS
h2o,135,0,PS
h2o,130,0,PS
h2o,125,0,PS
h2o,120,0,PS
h2o,115,0,PS
h2o,110,0,PS
h2o,105,0,PS
h2o,100,0,PS
h2o,95,0,PS
h2o,90,0,PS
h2o,85,0,PS
h2o,80,0,PS
h2o,75,0,PS
h2o,70,0,PS
h2o,65,0,PS
h2o,60,0,PS
h2o,55,0,PS
h2o,50,0,PS
h2o,45,0,PS
h2o,40,0,PS
h2o,35,0,PS
h2o,30,0,PS
h2o,25,0,PS
h2o,160,0,PS
h2o,155,0,PS
h2o,150,0,PS
h2o,145,0,PS
h2o,140,0,PS
h2o,135,0,PS
h2o,130,0,PS
h2o,125,0,PS
h2o,120,0,PS
h2o,115,0,PS
h2o,110,0,PS
h2o,105,0,PS
h2o,100,0,PS
h2o,95,0,PS
h2o,90,0,PS
h2o,85,0,PS
h2o,80,0,PS
h2o,75,0,PS
h2o,70,0,PS
h2o,65,0,PS
h2o,60,0,PS
h2o,55,0,PS
h2o,50,0,PS
h2o,45,0,PS
h2o,40,0,PS
h2o,35,0,PS
h2o,30,0,PS
h2o,25,0,PS
h2o,160,0,PS
h2o,155,0,PS
h2o,150,0,PS
h2o,145,0,PS
h2o,140,0,PS
h2o,135,0,PS
h2o,130,0,PS
h2o,125,0,PS
h2o,120,0,PS
h2o,115,0,PS
h2o,110,0,PS
h2o,105,0,PS
h2o,100,0,PS
h2o,95,0,PS
h2o,90,0,PS
h2o,85,0,PS
h2o,80,0,PS
h2o,75,0,PS
h2o,70,0,PS
h2o,65,0,PS
h2o,60,0,PS
h2o,55,0,PS
h2o,50,0,PS
h2o,45,0,PS
h2o,40,0,PS
h2o,35,0,PS
h2o,30,0,PS
h2o,25,0,PS
"1,4-dimethylbenzene",160,64.69365436,PS
"1,4-dimethylbenzene",155,61.91217738,PS
"1,4-dimethylbenzene",150,59.07138851,PS
"1,4-dimethylbenzene",145,56.17748443,PS
"1,4-dimethylbenzene",140,53.236924,PS
"1,4-dimethylbenzene",135,50.25755665,PS
"1,4-dimethylbenzene",130,47.24871711,PS
"1,4-dimethylbenzene",125,44.22039704,PS
"1,4-dimethylbenzene",120,41.18445987,PS
"1,4-dimethylbenzene",115,38.15518283,PS
"1,4-dimethylbenzene",110,35.14703376,PS
"1,4-dimethylbenzene",105,32.17641797,PS
"1,4-dimethylbenzene",100,29.26097885,PS
"1,4-dimethylbenzene",95,26.41956768,PS
"1,4-dimethylbenzene",90,23.67149498,PS
"1,4-dimethylbenzene",85,21.03598052,PS
"1,4-dimethylbenzene",80,18.53194547,PS
"1,4-dimethylbenzene",75,16.17695388,PS
"1,4-dimethylbenzene",70,13.98616368,PS
"1,4-dimethylbenzene",65,11.97170295,PS
"1,4-dimethylbenzene",60,10.14213098,PS
"1,4-dimethylbenzene",55,8.5016795,PS
"1,4-dimethylbenzene",50,7.05016436,PS
"1,4-dimethylbenzene",45,5.78300854,PS
"1,4-dimethylbenzene",40,4.69172244,PS
"1,4-dimethylbenzene",35,3.76454149,PS
"1,4-dimethylbenzene",30,2.98729618,PS
"1,4-dimethylbenzene",25,2.34430186,PS
"1,2-dimethylbenzene",160,64.80799525,PS
"1,2-dimethylbenzene",155,62.04506943,PS
"1,2-dimethylbenzene",150,59.22450671,PS
"1,2-dimethylbenzene",145,56.35180769,PS
"1,2-dimethylbenzene",140,53.43344227,PS
"1,2-dimethylbenzene",135,50.4769592,PS
"1,2-dimethylbenzene",130,47.49109533,PS
"1,2-dimethylbenzene",125,44.48587808,PS
"1,2-dimethylbenzene",120,41.47288808,PS
"1,2-dimethylbenzene",115,38.46421328,PS
"1,2-dimethylbenzene",110,35.47520949,PS
"1,2-dimethylbenzene",105,32.52107034,PS
"1,2-dimethylbenzene",100,29.61877877,PS
"1,2-dimethylbenzene",95,26.78633369,PS
"1,2-dimethylbenzene",90,24.04257824,PS
"1,2-dimethylbenzene",85,21.40644803,PS
"1,2-dimethylbenzene",80,18.89638453,PS
"1,2-dimethylbenzene",75,16.52990389,PS
"1,2-dimethylbenzene",70,14.3225876,PS
"1,2-dimethylbenzene",65,12.28715875,PS
"1,2-dimethylbenzene",60,10.43287314,PS
"1,2-dimethylbenzene",55,8.76502466,PS
"1,2-dimethylbenzene",50,7.28456694,PS
"1,2-dimethylbenzene",45,5.98804319,PS
"1,2-dimethylbenzene",40,4.86801278,PS
"1,2-dimethylbenzene",35,3.91358688,PS
"1,2-dimethylbenzene",30,3.11126492,PS
"1,2-dimethylbenzene",25,2.44579508,PS
