Solvent,Temperature_K,mu_self,mu_solv,Solvent_density,Solvent_MolWeight,Method,log10_x,w,log10_S,x,delta_mu
propanol,403.15,-14.71611476,-13.99483166,700.0,60.0953,SLE,-1.16988575,0.4299432563,-0.25239208,0.06762609,0.7212831000000008
propanol,398.15,-14.95115832,-14.06567833,703.8,60.0953,SLE,-1.31174908,0.3477950633,-0.35536547,0.04878102,0.8854799899999986
propanol,393.15,-15.18811761,-14.14429779,707.63,60.0953,SLE,-1.45396805,0.2747935819,-0.46674253,0.03515863,1.0438198200000013
propanol,388.15,-15.42696862,-14.23608105,711.49,60.0953,SLE,-1.59350893,0.2138782699,-0.58250941,0.02549712,1.190887570000001
propanol,383.15,-15.66768595,-14.34204537,715.38,60.0953,SLE,-1.72967251,0.1648948112,-0.7004185,0.01863492,1.32564058
propanol,378.15,-15.91024291,-14.46128847,719.31,60.0953,SLE,-1.86283075,0.1263239765,-0.81943289,0.01371416,1.4489544399999996
propanol,373.15,-16.15461156,-14.5923632,723.28,60.0953,SLE,-1.99369382,0.0963204553,-0.93916962,0.01014626,1.56224836
propanol,368.15,-16.40076282,-14.73384326,727.28,60.0953,SLE,-2.1229974,0.0731579347,-1.05956112,0.0075336,1.6669195600000002
propanol,363.15,-16.64866657,-14.88452166,731.31,60.0953,SLE,-2.2513852,0.0553714715,-1.18066963,0.00560551,1.7641449099999988
propanol,358.15,-16.89829177,-15.04341276,735.38,60.0953,SLE,-2.37940125,0.0417690494,-1.30261704,0.00417445,1.8548790099999994
propanol,353.15,-17.14960654,-15.20974634,739.49,60.0953,SLE,-2.50748669,0.0314034339,-1.425536,0.00310823,1.9398602
propanol,348.15,-17.40257834,-15.38292595,743.63,60.0953,SLE,-2.63599855,0.0235306682,-1.54955608,0.00231207,2.019652390000001
propanol,343.15,-17.65717409,-15.56249532,747.82,60.0953,SLE,-2.76522508,0.0175707958,-1.67479644,0.00171702,2.0946787700000016
propanol,338.15,-17.91336033,-15.74811176,752.04,60.0953,SLE,-2.89539803,0.0130739974,-1.80136224,0.00127234,2.1652485699999993
propanol,333.15,-18.17110338,-15.93952159,756.29,60.0953,SLE,-3.02670453,0.0096926599,-1.92934539,0.00094036,2.2315817900000017
propanol,328.15,-18.43036953,-16.13653954,760.59,60.0953,SLE,-3.15929759,0.0071589954,-2.05882701,0.00069295,2.293829989999999
propanol,323.15,-18.69112519,-16.33903487,764.92,60.0953,SLE,-3.29330295,0.0052673653,-2.18987841,0.00050898,2.352090320000002
propanol,318.15,-18.95333714,-16.54691733,769.3,60.0953,SLE,-3.42882673,0.0038603283,-2.3225645,0.00037254,2.406419809999999
propanol,313.15,-19.21697271,-16.76012689,773.71,60.0953,SLE,-3.56596114,0.0028177361,-2.45694624,0.00027167,2.4568458200000016
propanol,308.15,-19.48199998,-16.97862543,778.17,60.0953,SLE,-3.70478945,0.0020482112,-2.59308326,0.00019734,2.50337455
propanol,303.15,-19.74838803,-17.2023899,782.67,60.0953,SLE,-3.84539027,0.0014825056,-2.73103633,0.00014276,2.545998130000001
propanol,298.15,-20.01610718,-17.43140685,787.21,60.0953,SLE,-3.98784144,0.0010683361,-2.87086982,0.00010284,2.5847003300000004
2-propanol,403.15,-14.71611476,-14.09829248,692.67,60.0953,SLE,-1.11382451,0.4643225551,-0.21623465,0.07694413,0.6178222800000004
2-propanol,398.15,-14.95115832,-14.17521826,696.44,60.0953,SLE,-1.25164843,0.3816104957,-0.31292514,0.05602109,0.7759400599999999
2-propanol,393.15,-15.18811761,-14.25389211,700.23,60.0953,SLE,-1.39307283,0.3047627482,-0.42068288,0.04045081,0.9342255000000002
2-propanol,388.15,-15.42696862,-14.34251309,704.06,60.0953,SLE,-1.533609,0.2386849014,-0.53487299,0.02926786,1.0844555299999996
2-propanol,383.15,-15.66768595,-14.44430078,707.93,60.0953,SLE,-1.67137219,0.1846317352,-0.65234814,0.02131218,1.2233851699999985
2-propanol,378.15,-15.91024291,-14.55940621,711.82,60.0953,SLE,-1.80614983,0.1416799096,-0.77146341,0.01562608,1.3508366999999986
2-propanol,373.15,-16.15461156,-14.68677848,715.76,60.0953,SLE,-1.9384209,0.1081160012,-0.89149675,0.01152336,1.4678330800000001
2-propanol,368.15,-16.40076282,-14.82507609,719.73,60.0953,SLE,-2.06886219,0.08214877,-1.01221504,0.00853371,1.575686730000001
2-propanol,363.15,-16.64866657,-14.97305551,723.73,60.0953,SLE,-2.19812819,0.0621894408,-1.13360779,0.00633683,1.6756110599999996
2-propanol,358.15,-16.89829177,-15.12966252,727.77,60.0953,SLE,-2.3267939,0.0469197533,-1.25576707,0.00471201,1.76862925
2-propanol,353.15,-17.14960654,-15.29404847,731.84,60.0953,SLE,-2.45533928,0.035282126,-1.37882102,0.00350478,1.8555580700000007
2-propanol,348.15,-17.40257834,-15.46554552,735.96,60.0953,SLE,-2.58415795,0.0264426758,-1.50290506,0.00260521,1.9370328200000024
2-propanol,343.15,-17.65717409,-15.64363401,740.11,60.0953,SLE,-2.71357186,0.0197503342,-1.62815008,0.00193387,2.013540080000002
2-propanol,338.15,-17.91336033,-15.82791694,744.3,60.0953,SLE,-2.84384251,0.0147000071,-1.75467522,0.00143271,2.08544339
2-propanol,333.15,-18.17110338,-16.01809494,748.52,60.0953,SLE,-2.97518298,0.0109014826,-1.88258684,0.00105881,2.1530084400000007
2-propanol,328.15,-18.43036953,-16.21394148,752.79,60.0953,SLE,-3.10777082,0.0080542482,-2.01198218,0.00078024,2.216428050000001
2-propanol,323.15,-18.69112519,-16.41529185,757.1,60.0953,SLE,-3.24175292,0.0059276556,-2.14294747,0.00057312,2.275833340000002
2-propanol,318.15,-18.95333714,-16.62202579,761.44,60.0953,SLE,-3.37725515,0.0043451504,-2.27556271,0.00041951,2.33131135
2-propanol,313.15,-19.21697271,-16.83405795,765.83,60.0953,SLE,-3.51438748,0.00317201,-2.40990316,0.00030592,2.382914760000002
2-propanol,308.15,-19.48199998,-17.05132949,770.25,60.0953,SLE,-3.65324879,0.00230576,-2.54604148,0.0002222,2.4306704900000007
2-propanol,303.15,-19.74838803,-17.27380026,774.72,60.0953,SLE,-3.79393177,0.0016687129,-2.68405052,0.00016072,2.4745877699999994
2-propanol,298.15,-20.01610718,-17.50144376,779.23,60.0953,SLE,-3.93652628,0.0012021827,-2.82400518,0.00011574,2.514663419999998
propanone,403.15,-14.71611476,-14.97029132,710.52,58.0795,SLE,-0.64132353,0.7610330559,0.05520464,0.22838968,-0.25417655999999944
propanone,398.15,-14.95115832,-15.22610029,714.36,58.0795,SLE,-0.67506691,0.7424552134,0.04337039,0.21131635,-0.2749419700000004
propanone,393.15,-15.18811761,-15.48429148,718.24,58.0795,SLE,-0.70941106,0.7230258995,0.03063729,0.19524906,-0.29617386999999873
propanone,388.15,-15.42696862,-15.74484357,722.16,58.0795,SLE,-0.74437779,0.7027468353,0.01695466,0.180145,-0.3178749500000002
propanone,383.15,-15.66768595,-16.00770956,726.1,58.0795,SLE,-0.78000388,0.6816192458,0.00226367,0.16595721,-0.34002360999999937
propanone,378.15,-15.91024291,-16.27287189,730.09,58.0795,SLE,-0.81631033,0.6596629166,-0.01348838,0.15264749,-0.362628980000002
propanone,373.15,-16.15461156,-16.54032366,734.11,58.0795,SLE,-0.85331231,0.6369120652,-0.03035132,0.14018053,-0.3857120999999992
propanone,368.15,-16.40076282,-16.81004029,738.17,58.0795,SLE,-0.89103562,0.6134061926,-0.04838013,0.12851812,-0.40927746999999925
propanone,363.15,-16.64866657,-17.082036,742.26,58.0795,SLE,-0.92948356,0.5892113875,-0.06761674,0.11762955,-0.43336942999999906
propanone,358.15,-16.89829177,-17.35630898,746.39,58.0795,SLE,-0.96866878,0.5644010238,-0.08810603,0.10748088,-0.4580172100000013
propanone,353.15,-17.14960654,-17.63286201,750.56,58.0795,SLE,-1.00860136,0.5390630845,-0.10988901,0.09803895,-0.4832554699999996
propanone,348.15,-17.40257834,-17.91171352,754.77,58.0795,SLE,-1.04928174,0.5133041372,-0.13299765,0.08927262,-0.5091351799999977
propanone,343.15,-17.65717409,-18.19285674,759.01,58.0795,SLE,-1.09072608,0.4872322147,-0.15747003,0.08114727,-0.5356826499999983
propanone,338.15,-17.91336033,-18.47629089,763.3,58.0795,SLE,-1.13294739,0.4609674139,-0.18333894,0.07362963,-0.5629305600000016
propanone,333.15,-18.17110338,-18.76201951,767.62,58.0795,SLE,-1.17595654,0.4346393992,-0.21063192,0.06668735,-0.5909161299999965
propanone,328.15,-18.43036953,-19.05000547,771.99,58.0795,SLE,-1.21979212,0.4083673498,-0.23939223,0.06028481,-0.6196359399999984
propanone,323.15,-18.69112519,-19.34023031,776.39,58.0795,SLE,-1.26448261,0.3822813968,-0.26965359,0.05438979,-0.649105119999998
propanone,318.15,-18.95333714,-19.63264163,780.84,58.0795,SLE,-1.31008185,0.3564997782,-0.30146579,0.04896865,-0.6793044899999998
propanone,313.15,-19.21697271,-19.92718545,785.33,58.0795,SLE,-1.35664864,0.3311398136,-0.33488116,0.04398974,-0.7102127399999993
propanone,308.15,-19.48199998,-20.22378221,789.86,58.0795,SLE,-1.4042643,0.306307282,-0.36996872,0.03942173,-0.7417822299999983
propanone,303.15,-19.74838803,-20.52234741,794.43,58.0795,SLE,-1.45301985,0.2821032383,-0.40680545,0.03523548,-0.7739593799999973
propanone,298.15,-20.01610718,-20.82277971,799.05,58.0795,SLE,-1.50302564,0.2586188309,-0.44548479,0.03140323,-0.8066725300000002
acetylacetone,403.15,-14.71611476,-14.63701618,867.41,100.1163,SLE,-0.82191188,0.5254947455,-0.09863915,0.15069128,0.07909858000000014
acetylacetone,398.15,-14.95115832,-14.8460195,871.9,100.1163,SLE,-0.88360369,0.4842035332,-0.13513105,0.13073634,0.10513881999999874
acetylacetone,393.15,-15.18811761,-15.05483313,876.41,100.1163,SLE,-0.94803623,0.4422357441,-0.17547669,0.11271034,0.13328448000000037
acetylacetone,388.15,-15.42696862,-15.2643989,880.96,100.1163,SLE,-1.01477192,0.400426096,-0.21953601,0.09665584,0.16256972000000047
acetylacetone,383.15,-15.66768595,-15.47576422,885.53,100.1163,SLE,-1.08328938,0.3596339823,-0.2670185,0.08254877,0.1919217299999989
acetylacetone,378.15,-15.91024291,-15.68989019,890.12,100.1163,SLE,-1.15308878,0.3206159931,-0.31755426,0.07029286,0.22035271999999928
acetylacetone,373.15,-16.15461156,-15.90755684,894.75,100.1163,SLE,-1.22374877,0.2839540554,-0.37075177,0.05973808,0.2470547199999995
acetylacetone,368.15,-16.40076282,-16.1292826,899.4,100.1163,SLE,-1.29497968,0.2500188066,-0.42626496,0.05070144,0.2714802200000008
acetylacetone,363.15,-16.64866657,-16.35535328,904.08,100.1163,SLE,-1.36661521,0.2189924466,-0.48381486,0.04299172,0.2933132900000004
acetylacetone,358.15,-16.89829177,-16.5858553,908.78,100.1163,SLE,-1.43860081,0.1909052397,-0.54320316,0.03642497,0.3124364700000015
acetylacetone,353.15,-17.14960654,-16.82073908,913.51,100.1163,SLE,-1.5109625,0.1656822125,-0.60430205,0.03083454,0.32886746000000144
acetylacetone,348.15,-17.40257834,-17.05986947,918.27,100.1163,SLE,-1.58378107,0.1431815015,-0.66704139,0.02607468,0.3427088700000027
acetylacetone,343.15,-17.65717409,-17.30306181,923.06,100.1163,SLE,-1.65717322,0.1232228002,-0.7313968,0.02202048,0.3541122800000025
acetylacetone,338.15,-17.91336033,-17.55011656,927.87,100.1163,SLE,-1.73127194,0.1056086626,-0.79737358,0.01856642,0.3632437700000004
acetylacetone,333.15,-18.17110338,-17.80083314,932.71,100.1163,SLE,-1.80621874,0.0901365821,-0.86499933,0.01562361,0.37027024
acetylacetone,328.15,-18.43036953,-18.05502232,937.58,100.1163,SLE,-1.88215623,0.076607189,-0.93431599,0.01311728,0.37534721000000104
acetylacetone,323.15,-18.69112519,-18.312513,942.47,100.1163,SLE,-1.9592237,0.0648289555,-1.00537428,0.0109844,0.3786121900000019
acetylacetone,318.15,-18.95333714,-18.5731549,947.4,100.1163,SLE,-2.03755516,0.0546207028,-1.07823037,0.00917159,0.3801822399999999
acetylacetone,313.15,-19.21697271,-18.83681995,952.35,100.1163,SLE,-2.11727813,0.0458129334,-1.15294328,0.00763347,0.3801527600000014
acetylacetone,308.15,-19.48199998,-19.10340184,957.33,100.1163,SLE,-2.19851351,0.03824834,-1.22957365,0.00633121,0.37859814000000114
acetylacetone,303.15,-19.74838803,-19.37281501,962.33,100.1163,SLE,-2.28137602,0.0317819065,-1.30818304,0.00523147,0.3755730200000009
acetylacetone,298.15,-20.01610718,-19.64499345,967.37,100.1163,SLE,-2.36597467,0.0262807526,-1.3888336,0.00430552,0.3711137299999976
benzene,403.15,-14.71611476,-15.00552304,775.84,78.1124,SLE,-0.62223288,0.7149124165,0.03354899,0.23865312,-0.28940827999999996
benzene,398.15,-14.95115832,-15.26493994,779.96,78.1124,SLE,-0.65375697,0.6953108645,0.02108641,0.2219438,-0.3137816200000003
benzene,393.15,-15.18811761,-15.52681989,784.12,78.1124,SLE,-0.68578048,0.6750808351,0.00781412,0.20616717,-0.3387022799999997
benzene,388.15,-15.42696862,-15.79105018,788.3,78.1124,SLE,-0.71837272,0.654212259,-0.00633139,0.19126138,-0.3640815599999989
benzene,383.15,-15.66768595,-16.05753339,792.52,78.1124,SLE,-0.75159712,0.632704592,-0.02141462,0.17717518,-0.3898474400000005
benzene,378.15,-15.91024291,-16.32615739,796.78,78.1124,SLE,-0.78552822,0.6105571223,-0.03750969,0.16385956,-0.41591447999999964
benzene,373.15,-16.15461156,-16.59680776,801.06,78.1124,SLE,-0.8202452,0.5877743317,-0.05469766,0.15127069,-0.4421962000000015
benzene,368.15,-16.40076282,-16.86936742,805.38,78.1124,SLE,-0.85583244,0.5643669711,-0.07306712,0.13936944,-0.46860459999999904
benzene,363.15,-16.64866657,-17.1436957,809.74,78.1124,SLE,-0.89239253,0.5403451142,-0.09272242,0.12811721,-0.49502912999999893
benzene,358.15,-16.89829177,-17.41964943,814.13,78.1124,SLE,-0.93003478,0.515727696,-0.11377793,0.11748035,-0.5213576599999996
benzene,353.15,-17.14960654,-17.69708544,818.55,78.1124,SLE,-0.96887418,0.4905453006,-0.13635773,0.10743006,-0.547478899999998
benzene,348.15,-17.40257834,-17.97584483,823.01,78.1124,SLE,-1.00904182,0.4648358126,-0.16060266,0.09793957,-0.5732664899999982
benzene,343.15,-17.65717409,-18.25575449,827.51,78.1124,SLE,-1.0506851,0.4386470313,-0.18667155,0.08898461,-0.5985803999999995
benzene,338.15,-17.91336033,-18.53662265,832.04,78.1124,SLE,-1.09397203,0.4120371815,-0.21474511,0.08054303,-0.623262320000002
benzene,333.15,-18.17110338,-18.81825769,836.61,78.1124,SLE,-1.13908045,0.3850847794,-0.24501927,0.07259715,-0.6471543099999977
benzene,328.15,-18.43036953,-19.10044556,841.21,78.1124,SLE,-1.18621396,0.3578820747,-0.27771696,0.06513074,-0.6700760300000006
benzene,323.15,-18.69112519,-19.38297575,845.86,78.1124,SLE,-1.23558652,0.3305470962,-0.31307736,0.05813176,-0.6918505599999989
benzene,318.15,-18.95333714,-19.66560551,850.54,78.1124,SLE,-1.28744792,0.3032117497,-0.3513753,0.0515884,-0.7122683700000003
benzene,313.15,-19.21697271,-19.94808966,855.26,78.1124,SLE,-1.34206604,0.2760339602,-0.39290826,0.04549189,-0.7311169500000005
benzene,308.15,-19.48199998,-20.23017849,860.01,78.1124,SLE,-1.39972991,0.24919597,-0.43799805,0.03983548,-0.7481785099999989
benzene,303.15,-19.74838803,-20.51162408,864.81,78.1124,SLE,-1.4607471,0.2229034971,-0.48698755,0.03461409,-0.7632360499999997
benzene,298.15,-20.01610718,-20.79216945,869.64,78.1124,SLE,-1.52545339,0.1973771957,-0.54024737,0.02982268,-0.7760622700000006
chcl3,403.15,-14.71611476,-14.97110652,1335.87,119.3783,SLE,-0.6408818,0.608064623,0.04287948,0.22862209,-0.25499175999999935
chcl3,398.15,-14.95115832,-15.22630996,1342.82,119.3783,SLE,-0.67495187,0.5838550363,0.03002143,0.21137233,-0.2751516400000007
chcl3,393.15,-15.18811761,-15.48362251,1349.82,119.3783,SLE,-0.70978277,0.5592137856,0.0161468,0.19508201,-0.2955048999999992
chcl3,388.15,-15.42696862,-15.74292765,1356.85,119.3783,SLE,-0.74545606,0.5341714616,0.00116644,0.17969829,-0.31595903000000014
chcl3,383.15,-15.66768595,-16.00410579,1363.93,119.3783,SLE,-0.78205854,0.5087660289,-0.0150174,0.16517391,-0.33641984000000136
chcl3,378.15,-15.91024291,-16.26703584,1371.05,119.3783,SLE,-0.81968171,0.4830444324,-0.03251125,0.15146709,-0.35679292999999923
chcl3,373.15,-16.15461156,-16.53158966,1378.21,119.3783,SLE,-0.8584254,0.4570613032,-0.05143266,0.13853981,-0.3769781000000023
chcl3,368.15,-16.40076282,-16.7976351,1385.41,119.3783,SLE,-0.89839654,0.4308810362,-0.07191011,0.12635821,-0.3968722800000002
chcl3,363.15,-16.64866657,-17.0650241,1392.65,119.3783,SLE,-0.93971696,0.4045739955,-0.09408799,0.11489021,-0.4163575299999991
chcl3,358.15,-16.89829177,-17.33362536,1399.93,119.3783,SLE,-0.98250447,0.3782296017,-0.11811592,0.10411074,-0.43533358999999905
chcl3,353.15,-17.14960654,-17.60328946,1407.26,119.3783,SLE,-1.02689428,0.3519431912,-0.14416126,0.09399521,-0.45368291999999855
chcl3,348.15,-17.40257834,-17.87388472,1414.63,119.3783,SLE,-1.07301785,0.3258289884,-0.17239592,0.08452441,-0.4713063799999979
chcl3,343.15,-17.65717409,-18.14526332,1422.04,119.3783,SLE,-1.12102425,0.3000067789,-0.20300941,0.07567906,-0.48808922999999993
chcl3,338.15,-17.91336033,-18.41729486,1429.49,119.3783,SLE,-1.17105984,0.2746120637,-0.23619474,0.06744351,-0.5039345299999987
chcl3,333.15,-18.17110338,-18.68984899,1436.98,119.3783,SLE,-1.22327967,0.2497871392,-0.27215461,0.05980264,-0.5187456099999999
chcl3,328.15,-18.43036953,-18.9628137,1444.52,119.3783,SLE,-1.27783601,0.2256831336,-0.31109151,0.0527429,-0.5324441700000015
chcl3,323.15,-18.69112519,-19.23608119,1452.1,119.3783,SLE,-1.33488784,0.2024507573,-0.35321249,0.04625005,-0.5449559999999991
chcl3,318.15,-18.95333714,-19.50957498,1459.72,119.3783,SLE,-1.39458287,0.1802420959,-0.39871297,0.0403104,-0.5562378400000014
chcl3,313.15,-19.21697271,-19.78323496,1467.39,119.3783,SLE,-1.45706725,0.1591994528,-0.44778103,0.03490863,-0.5662622500000012
chcl3,308.15,-19.48199998,-20.05701938,1475.09,119.3783,SLE,-1.52248419,0.1394494859,-0.50059393,0.03002727,-0.5750193999999986
chcl3,303.15,-19.74838803,-20.33092388,1482.84,119.3783,SLE,-1.59096016,0.1211007821,-0.55730399,0.02564719,-0.5825358499999993
chcl3,298.15,-20.01610718,-20.60496968,1490.63,119.3783,SLE,-1.66261228,0.1042352275,-0.61804231,0.02174642,-0.5888625000000012
cyclohexane,403.15,-14.71611476,-14.76758303,682.56,84.16,SLE,-0.75116297,0.6154974271,-0.07055437,0.17735238,-0.05146827000000087
cyclohexane,398.15,-14.95115832,-14.98616414,686.3,84.16,SLE,-0.80671132,0.5785980191,-0.10198039,0.15605895,-0.0350058200000003
cyclohexane,393.15,-15.18811761,-15.20021965,690.07,84.16,SLE,-0.86725335,0.5383844845,-0.13831172,0.13575213,-0.012102039999998482
cyclohexane,388.15,-15.42696862,-15.40845564,693.88,84.16,SLE,-0.93369682,0.4947027718,-0.18057454,0.1164939,0.018512980000000567
cyclohexane,383.15,-15.66768595,-15.6096564,697.73,84.16,SLE,-1.00695154,0.4476613591,-0.229901,0.09841209,0.058029549999998764
cyclohexane,378.15,-15.91024291,-15.80301378,701.61,84.16,SLE,-1.08773924,0.3978327628,-0.28737099,0.08170728,0.10722912999999856
cyclohexane,373.15,-16.15461156,-15.98866714,705.53,84.16,SLE,-1.17626491,0.3464645814,-0.35369157,0.06664002,0.16594441999999887
cyclohexane,368.15,-16.40076282,-16.16812837,709.5,84.16,SLE,-1.27192961,0.2954813422,-0.42883448,0.0534651,0.23263444999999905
cyclohexane,363.15,-16.64866657,-16.34427653,713.5,84.16,SLE,-1.37327836,0.2471331379,-0.51183461,0.04233715,0.30439004000000125
cyclohexane,358.15,-16.89829177,-16.52055666,717.54,84.16,SLE,-1.47842919,0.2033411295,-0.60105757,0.0332331,0.3777351099999997
cyclohexane,353.15,-17.14960654,-16.69999236,721.62,84.16,SLE,-1.58565373,0.1652148583,-0.69473761,0.02596249,0.4496141800000011
cyclohexane,348.15,-17.40257834,-16.88453437,725.74,84.16,SLE,-1.6937971,0.1329878664,-0.79147247,0.02023965,0.5180439700000008
cyclohexane,343.15,-17.65717409,-17.07510118,729.9,84.16,SLE,-1.80229391,0.1062933887,-0.89036175,0.01576544,0.5820729100000008
cyclohexane,338.15,-17.91336033,-17.27185262,734.11,84.16,SLE,-1.91103523,0.08447034,-0.9909599,0.0122734,0.6415077099999991
cyclohexane,333.15,-18.17110338,-17.4745112,738.36,84.16,SLE,-2.02019221,0.0667821205,-1.09314225,0.0095457,0.6965921800000032
cyclohexane,328.15,-18.43036953,-17.68260732,742.65,84.16,SLE,-2.13007432,0.0525321149,-1.1969749,0.00741183,0.7477622100000012
cyclohexane,323.15,-18.69112519,-17.89558676,746.99,84.16,SLE,-2.24106754,0.0411061636,-1.30264899,0.00574027,0.7955384300000006
cyclohexane,318.15,-18.95333714,-18.1129076,751.37,84.16,SLE,-2.35357387,0.0319845696,-1.41041294,0.00443023,0.8404295399999988
cyclohexane,313.15,-19.21697271,-18.33406212,755.79,84.16,SLE,-2.46799761,0.0247348787,-1.52055001,0.0034041,0.8829105900000016
cyclohexane,308.15,-19.48199998,-18.55858837,760.26,84.16,SLE,-2.58473741,0.0190005662,-1.63336324,0.00260173,0.9234116100000023
cyclohexane,303.15,-19.74838803,-18.78607557,764.78,84.16,SLE,-2.70418206,0.0144891275,-1.74916562,0.00197614,0.9623124599999997
cyclohexane,298.15,-20.01610718,-19.01616267,769.35,84.16,SLE,-2.82671099,0.0109610945,-1.86827608,0.00149035,0.9999445099999988
cyclohexanol,403.15,-14.71611476,-14.10213543,849.16,100.1595,SLE,-1.11174217,0.3433076872,-0.3036549,0.07731394,0.6139793299999994
cyclohexanol,398.15,-14.95115832,-14.19344847,853.6,100.1595,SLE,-1.24164616,0.275053017,-0.40329599,0.05732629,0.7577098499999995
cyclohexanol,393.15,-15.18811761,-14.28861895,858.06,100.1595,SLE,-1.37377713,0.2159876114,-0.51083037,0.04228856,0.8994986600000008
cyclohexanol,388.15,-15.42696862,-14.39375198,862.55,100.1595,SLE,-1.50477177,0.1676657035,-0.62243969,0.03127723,1.033216640000001
cyclohexanol,383.15,-15.66768595,-14.51095493,867.07,100.1595,SLE,-1.63336971,0.1293621092,-0.73586408,0.0232611,1.1567310199999987
cyclohexanol,378.15,-15.91024291,-14.64011056,871.61,100.1595,SLE,-1.75952832,0.0994735754,-0.85005947,0.01739689,1.270132349999999
cyclohexanol,373.15,-16.15461156,-14.78016784,876.18,100.1595,SLE,-1.8837486,0.0763144217,-0.96471078,0.01306927,1.3744437199999986
cyclohexanol,368.15,-16.40076282,-14.92990676,880.78,100.1595,SLE,-2.00665838,0.0584267241,-1.07983247,0.00984785,1.470856060000001
cyclohexanol,363.15,-16.64866657,-15.0881887,885.4,100.1595,SLE,-2.1288705,0.0446331261,-1.19558665,0.00743241,1.5604778699999997
cyclohexanol,358.15,-16.89829177,-15.25405211,890.05,100.1595,SLE,-2.25092347,0.0340103134,-1.31218163,0.00561147,1.6442396600000002
cyclohexanol,353.15,-17.14960654,-15.42671685,894.73,100.1595,SLE,-2.37327357,0.0258414221,-1.42983018,0.00423376,1.7228896900000006
cyclohexanol,348.15,-17.40257834,-15.60555597,899.43,100.1595,SLE,-2.49630678,0.0195710606,-1.5487369,0.00318928,1.7970223700000023
cyclohexanol,343.15,-17.65717409,-15.7900846,904.17,100.1595,SLE,-2.6203408,0.0147692054,-1.66908325,0.00239695,1.8670894900000015
cyclohexanol,338.15,-17.91336033,-15.9799272,908.93,100.1595,SLE,-2.74564127,0.01110219,-1.7910316,0.00179622,1.9334331299999992
cyclohexanol,333.15,-18.17110338,-16.17479678,913.72,100.1595,SLE,-2.87243157,0.0083108355,-1.91472659,0.00134143,1.9963066000000005
cyclohexanol,328.15,-18.43036953,-16.3744777,918.53,100.1595,SLE,-3.00090124,0.0061937237,-2.04029736,0.00099793,2.05589183
cyclohexanol,323.15,-18.69112519,-16.57881081,923.38,100.1595,SLE,-3.13121344,0.0045943655,-2.16786068,0.00073924,2.112314380000001
cyclohexanol,318.15,-18.95333714,-16.78768129,928.25,100.1595,SLE,-3.26351144,0.0033913121,-2.29752409,0.00054512,2.1656558500000003
cyclohexanol,313.15,-19.21697271,-17.00100967,933.15,100.1595,SLE,-3.39792341,0.0024904918,-2.42938824,0.00040002,2.215963040000002
cyclohexanol,308.15,-19.48199998,-17.21874286,938.08,100.1595,SLE,-3.53456772,0.0018192235,-2.56355035,0.00029203,2.2632571200000022
cyclohexanol,303.15,-19.74838803,-17.44084814,943.03,100.1595,SLE,-3.67355661,0.0013215357,-2.70010644,0.00021205,2.307539890000001
cyclohexanol,298.15,-20.01610718,-17.66730808,948.02,100.1595,SLE,-3.81499961,0.0009544867,-2.83915362,0.00015311,2.3487990999999973
"2,3-dihydropyran",403.15,-14.71611476,-15.00452099,840.91,84.1169,SLE,-0.62277585,0.699236029,0.03427703,0.23835494,-0.28840622999999965
"2,3-dihydropyran",398.15,-14.95115832,-15.26392906,845.34,84.1169,SLE,-0.65431161,0.6790406855,0.02185321,0.22166054,-0.31277074000000127
"2,3-dihydropyran",393.15,-15.18811761,-15.52580914,849.81,84.1169,SLE,-0.6863421,0.6582641044,0.00862103,0.20590074,-0.33769152999999896
"2,3-dihydropyran",388.15,-15.42696862,-15.79006908,854.3,84.1169,SLE,-0.71892488,0.6369095443,-0.00547695,0.19101836,-0.36310046000000007
"2,3-dihydropyran",383.15,-15.66768595,-16.05660021,858.83,84.1169,SLE,-0.75212916,0.6149787707,-0.02050753,0.17695826,-0.38891425999999996
"2,3-dihydropyran",378.15,-15.91024291,-16.32530765,863.39,84.1169,SLE,-0.7860191,0.5924840227,-0.03653875,0.16367445,-0.41506474000000004
"2,3-dihydropyran",373.15,-16.15461156,-16.59608806,867.98,84.1169,SLE,-0.82066653,0.5694407888,-0.05364649,0.15112401,-0.44147650000000027
"2,3-dihydropyran",368.15,-16.40076282,-16.86880558,872.6,84.1169,SLE,-0.85616582,0.5458590899,-0.0719237,0.1392625,-0.46804275999999945
"2,3-dihydropyran",363.15,-16.64866657,-17.14335146,877.26,84.1169,SLE,-0.89259961,0.5217677289,-0.09146171,0.12805614,-0.49468489000000204
"2,3-dihydropyran",358.15,-16.89829177,-17.41959446,881.94,84.1169,SLE,-0.9300683,0.4971962374,-0.1123672,0.11747128,-0.5213026899999988
"2,3-dihydropyran",353.15,-17.14960654,-17.69739738,886.67,84.1169,SLE,-0.96868122,0.4721825678,-0.1347579,0.1074778,-0.5477908400000011
"2,3-dihydropyran",348.15,-17.40257834,-17.9766048,891.42,84.1169,SLE,-1.00856496,0.4467696566,-0.15876862,0.09804716,-0.5740264599999989
"2,3-dihydropyran",343.15,-17.65717409,-18.25706774,896.21,84.1169,SLE,-1.04984908,0.4210167728,-0.18454261,0.08915607,-0.5998936499999985
"2,3-dihydropyran",338.15,-17.91336033,-18.53862222,901.03,84.1169,SLE,-1.09268028,0.394992515,-0.21224112,0.08078295,-0.6252618900000009
"2,3-dihydropyran",333.15,-18.17110338,-18.82109183,905.89,84.1169,SLE,-1.13722206,0.3687774154,-0.24204411,0.07290846,-0.6499884499999986
"2,3-dihydropyran",328.15,-18.43036953,-19.10428236,910.78,84.1169,SLE,-1.18365979,0.3424634397,-0.27415454,0.06551492,-0.673912829999999
"2,3-dihydropyran",323.15,-18.69112519,-19.38801426,915.7,84.1169,SLE,-1.23218046,0.3161672323,-0.30878379,0.05858947,-0.6968890699999974
"2,3-dihydropyran",318.15,-18.95333714,-19.67207123,920.66,84.1169,SLE,-1.28300838,0.2900115546,-0.34617831,0.05211846,-0.7187340900000017
"2,3-dihydropyran",313.15,-19.21697271,-19.9562576,925.66,84.1169,SLE,-1.33636816,0.2641458807,-0.38659148,0.04609267,-0.7392848900000004
"2,3-dihydropyran",308.15,-19.48199998,-20.24034744,930.69,84.1169,SLE,-1.39252104,0.2387271444,-0.43031146,0.04050223,-0.7583474599999995
"2,3-dihydropyran",303.15,-19.74838803,-20.52412541,935.76,84.1169,SLE,-1.45173861,0.2139311334,-0.47763988,0.03533958,-0.7757373799999989
"2,3-dihydropyran",298.15,-20.01610718,-20.80738678,940.86,84.1169,SLE,-1.51430385,0.1899469306,-0.52889073,0.03059822,-0.7912796000000029
dimethylformamide,403.15,-14.71611476,-14.89339846,801.05,73.0941,SLE,-0.68298867,0.6912054926,0.0209178,0.20749677,-0.17728370000000027
dimethylformamide,398.15,-14.95115832,-15.14301178,805.29,73.0941,SLE,-0.72065461,0.6676364359,0.00532063,0.19025908,-0.1918534600000008
dimethylformamide,393.15,-15.18811761,-15.39533796,809.57,73.0941,SLE,-0.75883739,0.6433680304,-0.01134565,0.17424592,-0.20722035000000005
dimethylformamide,388.15,-15.42696862,-15.65050532,813.88,73.0941,SLE,-0.79747133,0.6185158112,-0.02908041,0.15941481,-0.22353670000000037
dimethylformamide,383.15,-15.66768595,-15.90862791,818.22,73.0941,SLE,-0.8364947,0.5932054567,-0.04787644,0.14571535,-0.24094196000000068
dimethylformamide,378.15,-15.91024291,-16.16983183,822.59,73.0941,SLE,-0.87583479,0.567580138,-0.06771147,0.13309606,-0.25958892000000056
dimethylformamide,373.15,-16.15461156,-16.43422258,826.99,73.0941,SLE,-0.91542636,0.5417856593,-0.08855765,0.12149926,-0.2796110200000008
dimethylformamide,368.15,-16.40076282,-16.70190071,831.43,73.0941,SLE,-0.95520287,0.5159728235,-0.11037694,0.11086568,-0.3011378899999997
dimethylformamide,363.15,-16.64866657,-16.97294544,835.9,73.0941,SLE,-0.99510633,0.4902875602,-0.13312741,0.10113318,-0.32427887000000055
dimethylformamide,358.15,-16.89829177,-17.24740203,840.4,73.0941,SLE,-1.0350957,0.4648624599,-0.15677001,0.09223682,-0.3491102599999998
dimethylformamide,353.15,-17.14960654,-17.52529458,844.94,73.0941,SLE,-1.07514018,0.4398186199,-0.18126626,0.08411236,-0.37568804
dimethylformamide,348.15,-17.40257834,-17.80662403,849.51,73.0941,SLE,-1.11522135,0.4152624907,-0.20658118,0.07669705,-0.4040456899999967
dimethylformamide,343.15,-17.65717409,-18.09135032,854.12,73.0941,SLE,-1.15534548,0.3912775044,-0.23269387,0.06992855,-0.4341762299999985
dimethylformamide,338.15,-17.91336033,-18.37943889,858.76,73.0941,SLE,-1.19551545,0.3679408812,-0.25957955,0.06375064,-0.4660785599999997
dimethylformamide,333.15,-18.17110338,-18.67081331,863.43,73.0941,SLE,-1.23576161,0.3453054728,-0.28723283,0.05810833,-0.4997099299999981
dimethylformamide,328.15,-18.43036953,-18.96539488,868.14,73.0941,SLE,-1.27611771,0.3234149083,-0.31565174,0.05295199,-0.5350253500000015
dimethylformamide,323.15,-18.69112519,-19.26309836,872.89,73.0941,SLE,-1.31662412,0.3023022999,-0.34484072,0.04823651,-0.5719731699999997
dimethylformamide,318.15,-18.95333714,-19.56380923,877.67,73.0941,SLE,-1.3573441,0.2819832276,-0.37482413,0.04391935,-0.6104720900000018
dimethylformamide,313.15,-19.21697271,-19.86743174,882.48,73.0941,SLE,-1.39833231,0.2624733241,-0.40562223,0.03996388,-0.6504590300000004
dimethylformamide,308.15,-19.48199998,-20.17385737,887.34,73.0941,SLE,-1.43965654,0.2437780786,-0.43726847,0.03633653,-0.6918573899999991
dimethylformamide,303.15,-19.74838803,-20.48297378,892.23,73.0941,SLE,-1.48139259,0.2258968952,-0.46980581,0.0330071,-0.7345857499999973
dimethylformamide,298.15,-20.01610718,-20.7946745,897.15,73.0941,SLE,-1.52361797,0.2088268415,-0.50328165,0.02994898,-0.7785673200000005
dimethylsulfoxide,403.15,-14.71611476,-14.00267489,1019.31,78.1342,SLE,-1.16563582,0.3695661619,-0.21755444,0.06829111,0.7134398700000002
dimethylsulfoxide,398.15,-14.95115832,-14.22415344,1024.43,78.1342,SLE,-1.22479944,0.3363507492,-0.25650081,0.05959373,0.7270048799999991
dimethylsulfoxide,393.15,-15.18811761,-14.45751706,1029.56,78.1342,SLE,-1.27993022,0.3070241038,-0.29414529,0.05248918,0.7306005500000001
dimethylsulfoxide,388.15,-15.42696862,-14.70082958,1034.7,78.1342,SLE,-1.33194858,0.2808842898,-0.33079763,0.04656412,0.7261390399999996
dimethylsulfoxide,383.15,-15.66768595,-14.95263143,1039.86,78.1342,SLE,-1.38155046,0.2573955813,-0.36671775,0.04153838,0.7150545199999989
dimethylsulfoxide,378.15,-15.91024291,-15.21181354,1045.04,78.1342,SLE,-1.42926539,0.2361478444,-0.40211788,0.03721642,0.6984293699999995
dimethylsulfoxide,373.15,-16.15461156,-15.47750715,1050.22,78.1342,SLE,-1.4755099,0.2168200092,-0.43717707,0.03345724,0.6771044100000001
dimethylsulfoxide,368.15,-16.40076282,-15.74903659,1055.43,78.1342,SLE,-1.52060786,0.1991611786,-0.47203963,0.03015728,0.6517262300000013
dimethylsulfoxide,363.15,-16.64866657,-16.02584503,1060.64,78.1342,SLE,-1.56482893,0.1829669755,-0.50683433,0.02723774,0.6228215400000003
dimethylsulfoxide,358.15,-16.89829177,-16.30748243,1065.87,78.1342,SLE,-1.60839211,0.1680723983,-0.54166941,0.02463814,0.5908093399999998
dimethylsulfoxide,353.15,-17.14960654,-16.59357989,1071.12,78.1342,SLE,-1.65147811,0.1543421825,-0.57663706,0.02231115,0.5560266499999997
dimethylsulfoxide,348.15,-17.40257834,-16.88382092,1076.37,78.1342,SLE,-1.69424476,0.1416619574,-0.61182235,0.02021879,0.51875742
dimethylsulfoxide,343.15,-17.65717409,-17.17793867,1081.64,78.1342,SLE,-1.73682714,0.1299354762,-0.64730055,0.01833044,0.47923542000000197
dimethylsulfoxide,338.15,-17.91336033,-17.47570741,1086.92,78.1342,SLE,-1.77934152,0.1190809554,-0.68313819,0.01662105,0.43765292000000144
dimethylsulfoxide,333.15,-18.17110338,-17.77693145,1092.21,78.1342,SLE,-1.82189138,0.109027538,-0.71939664,0.01506984,0.3941719300000024
dimethylsulfoxide,328.15,-18.43036953,-18.08144545,1097.52,78.1342,SLE,-1.86456624,0.0997139951,-0.75612978,0.01365947,0.34892407999999975
dimethylsulfoxide,323.15,-18.69112519,-18.38910744,1102.83,78.1342,SLE,-1.90744554,0.0910864585,-0.79338637,0.01237526,0.302017750000001
dimethylsulfoxide,318.15,-18.95333714,-18.69978613,1108.15,78.1342,SLE,-1.95060661,0.0830958963,-0.83121661,0.01120452,0.2535510099999989
dimethylsulfoxide,313.15,-19.21697271,-19.01338255,1113.48,78.1342,SLE,-1.9941096,0.0757001507,-0.86965762,0.01013656,0.20359016000000096
dimethylsulfoxide,308.15,-19.48199998,-19.32980703,1118.83,78.1342,SLE,-2.03801254,0.0688602196,-0.90874674,0.00916194,0.15219294999999988
dimethylsulfoxide,303.15,-19.74838803,-19.64899841,1124.18,78.1342,SLE,-2.08235751,0.0625418621,-0.94850812,0.00827261,0.09938962000000018
dimethylsulfoxide,298.15,-20.01610718,-19.97088818,1129.54,78.1342,SLE,-2.12719574,0.0567113624,-0.98897603,0.00746112,0.045218999999999454
diphenylether,403.15,-14.71611476,-14.87452981,978.06,170.2083,SLE,-0.69321282,0.4827246052,-0.11029123,0.20266893,-0.15841505000000033
diphenylether,398.15,-14.95115832,-15.11990738,982.98,170.2083,SLE,-0.73333117,0.4542072342,-0.13526628,0.1847859,-0.16874906000000145
diphenylether,393.15,-15.18811761,-15.366883,987.93,170.2083,SLE,-0.77464816,0.4257570801,-0.16188608,0.16801646,-0.1787653899999988
diphenylether,388.15,-15.42696862,-15.61534497,992.89,170.2083,SLE,-0.81725956,0.397474955,-0.19026125,0.15231422,-0.18837635000000041
diphenylether,383.15,-15.66768595,-15.86517954,997.87,170.2083,SLE,-0.86126653,0.3694693455,-0.22050839,0.13763645,-0.19749359000000055
diphenylether,378.15,-15.91024291,-16.11628065,1002.87,170.2083,SLE,-0.90677038,0.3418586821,-0.25274582,0.12394517,-0.20603774000000108
diphenylether,373.15,-16.15461156,-16.36854212,1007.89,170.2083,SLE,-0.95387723,0.3147665894,-0.28709633,0.1112046,-0.21393056000000144
diphenylether,368.15,-16.40076282,-16.62185703,1012.92,170.2083,SLE,-1.00269872,0.2883195569,-0.32368732,0.09938052,-0.2210942100000004
diphenylether,363.15,-16.64866657,-16.87612743,1017.98,170.2083,SLE,-1.05334663,0.262647311,-0.36264589,0.08844095,-0.22746086000000076
diphenylether,358.15,-16.89829177,-17.13126448,1023.05,170.2083,SLE,-1.10593286,0.2378791894,-0.40409791,0.07835508,-0.23297270999999853
diphenylether,353.15,-17.14960654,-17.38718509,1028.14,170.2083,SLE,-1.16057163,0.2141392891,-0.44816888,0.0690921,-0.2375785499999985
diphenylether,348.15,-17.40257834,-17.64382052,1033.25,170.2083,SLE,-1.21737428,0.1915447139,-0.49497887,0.06062137,-0.24124217999999686
diphenylether,343.15,-17.65717409,-17.9011088,1038.38,170.2083,SLE,-1.27645403,0.1701994083,-0.54464562,0.052911,-0.24393470999999778
diphenylether,338.15,-17.91336033,-18.15900644,1043.52,170.2083,SLE,-1.3379186,0.1501930518,-0.59727757,0.04592841,-0.24564610999999914
diphenylether,333.15,-18.17110338,-18.41748382,1048.68,170.2083,SLE,-1.401873,0.1315962418,-0.65297559,0.03963939,-0.24638043999999937
diphenylether,328.15,-18.43036953,-18.6765235,1053.86,170.2083,SLE,-1.4684205,0.114457544,-0.71183358,0.03400788,-0.24615396999999817
diphenylether,323.15,-18.69112519,-18.93611996,1059.05,170.2083,SLE,-1.53766285,0.0988019412,-0.77393863,0.02899594,-0.24499476999999814
diphenylether,318.15,-18.95333714,-19.19628309,1064.26,170.2083,SLE,-1.60969787,0.0846308723,-0.83936903,0.02456417,-0.24294595000000285
diphenylether,313.15,-19.21697271,-19.45703114,1069.48,170.2083,SLE,-1.68462419,0.0719218987,-0.90819912,0.02067168,-0.24005843000000127
diphenylether,308.15,-19.48199998,-19.71839135,1074.72,170.2083,SLE,-1.7625411,0.0606307681,-0.9804998,0.01727662,-0.23639136999999977
diphenylether,303.15,-19.74838803,-19.98039677,1079.98,170.2083,SLE,-1.84355095,0.0506939166,-1.05634174,0.01433669,-0.23200873999999772
diphenylether,298.15,-20.01610718,-20.2430848,1085.25,170.2083,SLE,-1.92776073,0.0420318847,-1.13579783,0.01180971,-0.22697761999999955
dodecane,403.15,-14.71611476,-13.65606931,659.52,170.336,SLE,-1.3534474,0.1453827641,-0.79058601,0.04431519,1.0600454500000005
dodecane,398.15,-14.95115832,-13.82960633,663.1,170.336,SLE,-1.44127338,0.1211095724,-0.87159901,0.0362015,1.1215519899999986
dodecane,393.15,-15.18811761,-14.01183231,666.71,170.336,SLE,-1.52757146,0.1008859358,-0.95191533,0.02967758,1.1762853
dodecane,388.15,-15.42696862,-14.2016537,670.35,170.336,SLE,-1.61288463,0.0839922515,-1.03189858,0.02438459,1.2253149200000006
dodecane,383.15,-15.66768595,-14.3981538,674.02,170.336,SLE,-1.69768262,0.069851131,-1.11188414,0.02005937,1.2695321499999999
dodecane,378.15,-15.91024291,-14.60055052,677.73,170.336,SLE,-1.78238147,0.0579965644,-1.19218572,0.01650511,1.3096923899999986
dodecane,373.15,-16.15461156,-14.80817908,681.46,170.336,SLE,-1.86735016,0.0480509093,-1.27309329,0.01357219,1.346432479999999
dodecane,368.15,-16.40076282,-15.02048737,685.23,170.336,SLE,-1.95291018,0.0397067685,-1.35486665,0.01114525,1.380275450000001
dodecane,363.15,-16.64866657,-15.23699165,689.04,170.336,SLE,-2.03935898,0.0327103953,-1.43775415,0.00913358,1.4116749199999994
dodecane,358.15,-16.89829177,-15.45728132,692.87,170.336,SLE,-2.12696545,0.0268516614,-1.52198527,0.00746508,1.4410104500000003
dodecane,353.15,-17.14960654,-15.68099954,696.75,170.336,SLE,-2.21597997,0.0219549045,-1.60777833,0.00608163,1.4686070000000004
dodecane,348.15,-17.40257834,-15.90783529,700.65,170.336,SLE,-2.30663815,0.0178723663,-1.69534257,0.00493585,1.494743050000002
dodecane,343.15,-17.65717409,-16.1375089,704.6,170.336,SLE,-2.39916905,0.0144789132,-1.78488519,0.0039887,1.5196651900000013
dodecane,338.15,-17.91336033,-16.36977713,708.57,170.336,SLE,-2.49379151,0.0116683628,-1.87660677,0.00320781,1.5435832000000005
dodecane,333.15,-18.17110338,-16.6044222,712.59,170.336,SLE,-2.59072069,0.0093501533,-1.97070712,0.00256613,1.5666811800000033
dodecane,328.15,-18.43036953,-16.8412471,716.64,170.336,SLE,-2.69017106,0.0074468626,-2.06738772,0.00204093,1.5891224299999998
dodecane,323.15,-18.69112519,-17.08007665,720.73,170.336,SLE,-2.79235569,0.0058922643,-2.16685067,0.00161304,1.6110485400000023
dodecane,318.15,-18.95333714,-17.32075117,724.85,170.336,SLE,-2.8974907,0.0046296443,-2.2693027,0.00126622,1.6325859699999974
dodecane,313.15,-19.21697271,-17.56312613,729.01,170.336,SLE,-3.00579586,0.0036104838,-2.37495564,0.00098674,1.6538465799999997
dodecane,308.15,-19.48199998,-17.80707118,733.21,170.336,SLE,-3.1174957,0.0027933432,-2.48402724,0.00076296,1.6749288
dodecane,303.15,-19.74838803,-18.05246777,737.45,170.336,SLE,-3.23282184,0.0021429104,-2.59674334,0.00058503,1.6959202600000012
dodecane,298.15,-20.01610718,-18.29920796,741.73,170.336,SLE,-3.3520146,0.0016291976,-2.71333937,0.00044462,1.7168992199999984
ethanol,403.15,-14.71611476,-13.70583439,684.85,46.0687,SLE,-1.32648171,0.4016539575,-0.29309153,0.04715397,1.0102803700000003
ethanol,398.15,-14.95115832,-13.75070254,688.59,46.0687,SLE,-1.48456508,0.3148449279,-0.41101465,0.03276687,1.2004557799999986
ethanol,393.15,-15.18811761,-13.81824603,692.36,46.0687,SLE,-1.63513616,0.2433971188,-0.53201572,0.02316668,1.3698715800000016
ethanol,388.15,-15.42696862,-13.90614788,696.18,46.0687,SLE,-1.77919523,0.1865590888,-0.65412872,0.01662665,1.5208207399999996
ethanol,383.15,-15.66768595,-14.01096627,700.02,46.0687,SLE,-1.9184353,0.142123422,-0.7767856,0.01206604,1.6567196799999984
ethanol,378.15,-15.91024291,-14.12977661,703.91,46.0687,SLE,-2.05433942,0.1077462589,-0.89990387,0.0088239,1.7804662999999987
ethanol,373.15,-16.15461156,-14.2603606,707.83,46.0687,SLE,-2.18805588,0.0813442357,-1.02355746,0.00648551,1.894250959999999
ethanol,368.15,-16.40076282,-14.4010868,711.79,46.0687,SLE,-2.32044651,0.061181577,-1.14786103,0.00478138,1.9996760200000008
ethanol,363.15,-16.64866657,-14.55075402,715.78,46.0687,SLE,-2.45216113,0.0458556661,-1.27293546,0.00353052,2.09791255
ethanol,358.15,-16.89829177,-14.70848393,719.81,46.0687,SLE,-2.5836884,0.0342541081,-1.39888922,0.00260802,2.1898078400000003
ethanol,353.15,-17.14960654,-14.87362617,723.89,46.0687,SLE,-2.71540313,0.0255045628,-1.52582013,0.00192574,2.275980370000001
ethanol,348.15,-17.40257834,-15.04570653,728.0,46.0687,SLE,-2.84759075,0.018929145,-1.65380986,0.0014204,2.3568718100000012
ethanol,343.15,-17.65717409,-15.22437995,732.15,46.0687,SLE,-2.98047074,0.0140043462,-1.78292692,0.00104599,2.432794140000002
ethanol,338.15,-17.91336033,-15.40940052,736.34,46.0687,SLE,-3.11421132,0.0103280423,-1.913227,0.00076876,2.5039598099999996
ethanol,333.15,-18.17110338,-15.60059803,740.57,46.0687,SLE,-3.24894104,0.0075927282,-2.04475453,0.00056371,2.5705053500000012
ethanol,328.15,-18.43036953,-15.79785632,744.85,46.0687,SLE,-3.38476031,0.0055641603,-2.17754685,0.00041233,2.632513210000001
ethanol,323.15,-18.69112519,-16.00110186,749.16,46.0687,SLE,-3.52174704,0.0040646095,-2.3116346,0.00030078,2.6900233300000025
ethanol,318.15,-18.95333714,-16.21029028,753.52,46.0687,SLE,-3.65996431,0.0029596987,-2.44704538,0.00021879,2.7430468599999998
ethanol,313.15,-19.21697271,-16.42539795,757.92,46.0687,SLE,-3.79946514,0.0021481959,-2.58380565,0.00015868,2.7915747599999996
ethanol,308.15,-19.48199998,-16.64641425,762.37,46.0687,SLE,-3.94029739,0.0015541075,-2.72194336,0.00011474,2.835585730000002
ethanol,303.15,-19.74838803,-16.87333576,766.86,46.0687,SLE,-4.08250758,0.0011205867,-2.86149019,8.27e-05,2.875052270000001
ethanol,298.15,-20.01610718,-17.1061621,771.4,46.0687,SLE,-4.22614413,0.0008052595,-3.00248346,5.941e-05,2.90994508
ethylacetate,403.15,-14.71611476,-14.99206057,835.45,88.1056,SLE,-0.62952765,0.6850271236,0.02301506,0.23467799,-0.2759458099999996
ethylacetate,398.15,-14.95115832,-15.25057086,839.88,88.1056,SLE,-0.66164078,0.6640529178,0.00969195,0.21795118,-0.2994125400000005
ethylacetate,393.15,-15.18811761,-15.51159404,844.34,88.1056,SLE,-0.69424061,0.6425366081,-0.004467,0.20218987,-0.3234764299999995
ethylacetate,388.15,-15.42696862,-15.77505786,848.83,88.1056,SLE,-0.72737319,0.6204964926,-0.01951258,0.1873384,-0.3480892400000002
ethylacetate,383.15,-15.66768595,-16.04088929,853.36,88.1056,SLE,-0.76108665,0.5979561644,-0.0354988,0.17334581,-0.3732033399999999
ethylacetate,378.15,-15.91024291,-16.30900344,857.92,88.1056,SLE,-0.79543776,0.5749407984,-0.05248665,0.16016302,-0.39876053000000233
ethylacetate,373.15,-16.15461156,-16.57933155,862.51,88.1056,SLE,-0.83047619,0.5514883578,-0.07053551,0.14774875,-0.4247199899999998
ethylacetate,368.15,-16.40076282,-16.85177773,867.14,88.1056,SLE,-0.86626971,0.5276334265,-0.08971755,0.13605995,-0.4510149099999978
ethylacetate,363.15,-16.64866657,-17.12626808,871.8,88.1056,SLE,-0.90287601,0.5034267549,-0.11010151,0.1250616,-0.4776015099999995
ethylacetate,358.15,-16.89829177,-17.40271247,876.5,88.1056,SLE,-0.94036534,0.4789207572,-0.1317661,0.11471882,-0.5044207000000007
ethylacetate,353.15,-17.14960654,-17.68101091,881.23,88.1056,SLE,-0.97881753,0.454172315,-0.15479886,0.10499835,-0.5314043700000006
ethylacetate,348.15,-17.40257834,-17.96107643,886.0,88.1056,SLE,-1.01830841,0.4292521003,-0.17928735,0.09587196,-0.558498089999997
ethylacetate,343.15,-17.65717409,-18.24280844,890.81,88.1056,SLE,-1.05892661,0.4042341835,-0.20533014,0.08731189,-0.5856343499999994
ethylacetate,338.15,-17.91336033,-18.52610391,895.65,88.1056,SLE,-1.10076732,0.3792004826,-0.23303296,0.0792926,-0.6127435800000001
ethylacetate,333.15,-18.17110338,-18.81084893,900.53,88.1056,SLE,-1.14393847,0.3542374218,-0.26251333,0.0717896,-0.6397455499999971
ethylacetate,328.15,-18.43036953,-19.09693828,905.44,88.1056,SLE,-1.18854877,0.3294430182,-0.2938919,0.06478153,-0.6665687499999997
ethylacetate,323.15,-18.69112519,-19.38425681,910.4,88.1056,SLE,-1.23472051,0.3049191137,-0.32730174,0.05824779,-0.6931316199999991
ethylacetate,318.15,-18.95333714,-19.67267062,915.39,88.1056,SLE,-1.28259682,0.2807678193,-0.36289443,0.05216788,-0.7193334800000031
ethylacetate,313.15,-19.21697271,-19.96207016,920.41,88.1056,SLE,-1.33231337,0.2571053119,-0.4008179,0.04652503,-0.7450974499999994
ethylacetate,308.15,-19.48199998,-20.25230637,925.48,88.1056,SLE,-1.38404323,0.2340386767,-0.44125199,0.04130064,-0.7703063899999982
ethylacetate,303.15,-19.74838803,-20.54325989,930.59,88.1056,SLE,-1.43795025,0.211686917,-0.48437075,0.03647957,-0.7948718600000007
ethylacetate,298.15,-20.01610718,-20.83478935,935.73,88.1056,SLE,-1.49422633,0.1901619368,-0.53037271,0.03204599,-0.8186821700000024
glycol,403.15,-14.71611476,-8.60909228,945.7,62.0681,SLE,-4.08820059,0.0008211441,-2.90560591,8.162e-05,6.1070224799999995
glycol,398.15,-14.95115832,-8.75803793,950.5,62.0681,SLE,-4.22386223,0.0006009577,-3.03898962,5.972e-05,6.193120389999999
glycol,393.15,-15.18811761,-8.91107391,955.33,62.0681,SLE,-4.36176789,0.0004375244,-3.17463895,4.347e-05,6.2770437
glycol,388.15,-15.42696862,-9.068374,960.17,62.0681,SLE,-4.50189307,0.0003169015,-3.31252452,3.149e-05,6.35859462
glycol,383.15,-15.66768595,-9.23014023,965.04,62.0681,SLE,-4.64419512,0.0002283793,-3.45259996,2.269e-05,6.437545719999999
glycol,378.15,-15.91024291,-9.39659774,969.92,62.0681,SLE,-4.78861501,0.0001637805,-3.59480343,1.627e-05,6.513645169999998
glycol,373.15,-16.15461156,-9.56799023,974.83,62.0681,SLE,-4.93507898,0.0001169006,-3.73905907,1.161e-05,6.58662133
glycol,368.15,-16.40076282,-9.74457551,979.76,62.0681,SLE,-5.08350023,8.30632e-05,-3.88527849,8.25e-06,6.65618731
glycol,363.15,-16.64866657,-9.92662124,984.71,62.0681,SLE,-5.23378062,5.87676e-05,-4.03336241,5.84e-06,6.72204533
glycol,358.15,-16.89829177,-10.11440092,989.68,62.0681,SLE,-5.38581244,4.14107e-05,-4.18320227,4.11e-06,6.783890850000001
glycol,353.15,-17.14960654,-10.3081899,994.67,62.0681,SLE,-5.53948022,2.90703e-05,-4.33468202,2.89e-06,6.84141664
glycol,348.15,-17.40257834,-10.50826169,999.67,62.0681,SLE,-5.69466262,2.03362e-05,-4.4876799,2.02e-06,6.894316650000002
glycol,343.15,-17.65717409,-10.7148843,1004.7,62.0681,SLE,-5.85123441,1.41808e-05,-4.6420704,1.41e-06,6.942289790000002
glycol,338.15,-17.91336033,-10.92831677,1009.75,62.0681,SLE,-6.0090685,9.859819e-06,-4.79772628,9.8e-07,6.985043559999999
glycol,333.15,-18.17110338,-11.14880589,1014.82,62.0681,SLE,-6.16803808,6.83755e-06,-4.95452061,6.8e-07,7.0222974900000015
glycol,328.15,-18.43036953,-11.37658332,1019.91,62.0681,SLE,-6.32801874,4.730649e-06,-5.11232894,4.7e-07,7.05378621
glycol,323.15,-18.69112519,-11.61186276,1025.01,62.0681,SLE,-6.48889055,3.26625e-06,-5.27103134,3.2e-07,7.079262430000002
glycol,318.15,-18.95333714,-11.85483763,1030.14,62.0681,SLE,-6.6505403,2.251128e-06,-5.43051463,2.2e-07,7.098499509999998
glycol,313.15,-19.21697271,-12.10567897,1035.28,62.0681,SLE,-6.81286353,1.549092e-06,-5.5906744,1.5e-07,7.111293740000001
glycol,308.15,-19.48199998,-12.36453389,1040.44,62.0681,SLE,-6.97576657,1.06457e-06,-5.75141704,1.1e-07,7.117466090000001
glycol,303.15,-19.74838803,-12.6315242,1045.62,62.0681,SLE,-7.13916856,7.307561e-07,-5.91266176,7e-08,7.116863830000002
glycol,298.15,-20.01610718,-12.90674563,1050.82,62.0681,SLE,-7.30300322,5.011156e-07,-6.07434236,5e-08,7.109361549999999
n-heptane,403.15,-14.71611476,-14.45411365,601.86,100.2026,SLE,-0.92101937,0.4594493906,-0.26150643,0.11994458,0.2620011099999999
n-heptane,398.15,-14.95115832,-14.62052813,605.19,100.2026,SLE,-1.00732277,0.4047898921,-0.3263013,0.09832801,0.33063018999999905
n-heptane,393.15,-15.18811761,-14.782232,608.55,100.2026,SLE,-1.09950491,0.3501353623,-0.39872137,0.07952343,0.40588561000000034
n-heptane,388.15,-15.42696862,-14.9427968,611.94,100.2026,SLE,-1.19576949,0.2979389482,-0.47740655,0.06371336,0.48417182000000025
n-heptane,383.15,-15.66768595,-15.10587671,615.37,100.2026,SLE,-1.29417857,0.2502217233,-0.56058202,0.05079505,0.5618092399999988
n-heptane,378.15,-15.91024291,-15.27427556,618.84,100.2026,SLE,-1.39318216,0.2081284451,-0.64659366,0.04044062,0.6359673499999996
n-heptane,373.15,-16.15461156,-15.44952835,622.34,100.2026,SLE,-1.49188934,0.1719233221,-0.73427726,0.0322189,0.7050832099999997
n-heptane,368.15,-16.40076282,-15.63216893,625.88,100.2026,SLE,-1.58995412,0.1412961361,-0.82296129,0.02570667,0.76859389
n-heptane,363.15,-16.64866657,-15.82205035,629.45,100.2026,SLE,-1.68742041,0.1156504026,-0.91237903,0.02053901,0.82661622
n-heptane,358.15,-16.89829177,-16.0187166,633.06,100.2026,SLE,-1.7845225,0.0943143449,-1.0025002,0.01642395,0.879575169999999
n-heptane,353.15,-17.14960654,-16.22156546,636.71,100.2026,SLE,-1.88159794,0.0766384056,-1.09344682,0.01313415,0.9280410799999999
n-heptane,348.15,-17.40257834,-16.42997789,640.4,100.2026,SLE,-1.97901378,0.062041542,-1.18541478,0.01049509,0.9726004500000016
n-heptane,343.15,-17.65717409,-16.64336596,644.13,100.2026,SLE,-2.07713835,0.0500216014,-1.2786372,0.00837263,1.013808130000001
n-heptane,338.15,-17.91336033,-16.86118979,647.9,100.2026,SLE,-2.17633048,0.0401519027,-1.37336603,0.006663,1.0521705399999988
n-heptane,333.15,-18.17110338,-17.08296522,651.71,100.2026,SLE,-2.27693392,0.0320730904,-1.46986002,0.00528526,1.0881381600000033
n-heptane,328.15,-18.43036953,-17.30826774,655.56,100.2026,SLE,-2.37927362,0.0254837565,-1.56837618,0.00417567,1.1221017899999985
n-heptane,323.15,-18.69112519,-17.53671842,659.45,100.2026,SLE,-2.483664,0.0201308973,-1.66917405,0.00328349,1.1544067700000014
n-heptane,318.15,-18.95333714,-17.76798424,663.38,100.2026,SLE,-2.59040793,0.0158023547,-1.77251195,0.00256798,1.185352899999998
n-heptane,313.15,-19.21697271,-18.00177079,667.36,100.2026,SLE,-2.69980116,0.0123200813,-1.87864918,0.00199618,1.215201920000002
n-heptane,308.15,-19.48199998,-18.23781705,671.38,100.2026,SLE,-2.81213551,0.0095346413,-1.98784762,0.00154122,1.244182930000001
n-heptane,303.15,-19.74838803,-18.47589464,675.45,100.2026,SLE,-2.92769929,0.0073207175,-2.10037086,0.00118114,1.272493390000001
n-heptane,298.15,-20.01610718,-18.71579923,679.56,100.2026,SLE,-3.04678347,0.0055732709,-2.21648941,0.00089788,1.3003079500000005
hexane,403.15,-14.71611476,-14.62521815,581.05,86.1759,SLE,-0.82830475,0.5584071258,-0.1628509,0.14848933,0.09089660999999971
hexane,398.15,-14.95115832,-14.81898075,584.28,86.1759,SLE,-0.89843889,0.5118821652,-0.20988677,0.12634589,0.13217756999999963
hexane,393.15,-15.18811761,-15.00583841,587.55,86.1759,SLE,-0.97525976,0.4619426203,-0.2642068,0.10586204,0.18227919999999997
hexane,388.15,-15.42696862,-15.18605701,590.85,86.1759,SLE,-1.05886271,0.4096173464,-0.32634701,0.08732474,0.2409116099999995
hexane,383.15,-15.66768595,-15.36108541,594.19,86.1759,SLE,-1.14867283,0.3566212253,-0.39622657,0.07101125,0.3066005399999998
hexane,378.15,-15.91024291,-15.53352563,597.56,86.1759,SLE,-1.24341788,0.3051083252,-0.47300125,0.0570929,0.3767172799999994
hexane,373.15,-16.15461156,-15.70647086,600.97,86.1759,SLE,-1.3414692,0.2571139253,-0.55527408,0.04555445,0.4481406999999997
hexane,368.15,-16.40076282,-15.88270008,604.42,86.1759,SLE,-1.44129539,0.2140581203,-0.6415084,0.03619967,0.5180627400000013
hexane,363.15,-16.64866657,-16.06406484,607.9,86.1759,SLE,-1.54183803,0.1765533828,-0.73045247,0.02871851,0.5846017299999993
hexane,358.15,-16.89829177,-16.25150528,611.43,86.1759,SLE,-1.64253492,0.1445701991,-0.82126257,0.02277535,0.6467864900000002
hexane,353.15,-17.14960654,-16.44524943,614.99,86.1759,SLE,-1.74323203,0.1176874471,-0.91348924,0.01806209,0.7043571100000001
hexane,348.15,-17.40257834,-16.64510813,618.59,86.1759,SLE,-1.84402784,0.0953143071,-1.00696363,0.01432096,0.757470210000001
hexane,343.15,-17.65717409,-16.85065435,622.24,86.1759,SLE,-1.9451777,0.0768222151,-1.10171499,0.01134547,0.8065197400000024
hexane,338.15,-17.91336033,-17.06139102,625.92,86.1759,SLE,-2.04699704,0.0616198469,-1.19787517,0.00897435,0.8519693100000012
hexane,333.15,-18.17110338,-17.27680098,629.65,86.1759,SLE,-2.14983333,0.0491785879,-1.2956443,0.00708218,0.8943024000000008
hexane,328.15,-18.43036953,-17.49639376,633.42,86.1759,SLE,-2.25403741,0.0390407098,-1.39525575,0.00557138,0.93397577
hexane,323.15,-18.69112519,-17.71971523,637.23,86.1759,SLE,-2.3599574,0.0308157528,-1.49696381,0.00436559,0.9714099600000026
hexane,318.15,-18.95333714,-17.94636053,641.08,86.1759,SLE,-2.46792977,0.0241739443,-1.60102971,0.00340463,1.0069766099999988
hexane,313.15,-19.21697271,-18.17596217,644.98,86.1759,SLE,-2.57828677,0.0188376273,-1.707725,0.00264066,1.041010540000002
hexane,308.15,-19.48199998,-18.4081962,648.93,86.1759,SLE,-2.69135197,0.0145740622,-1.81732408,0.00203539,1.0738037800000022
hexane,303.15,-19.74838803,-18.64277628,652.92,86.1759,SLE,-2.80744392,0.0111884643,-1.93010541,0.00155796,1.1056117500000013
hexane,298.15,-20.01610718,-18.87944959,656.96,86.1759,SLE,-2.92687893,0.0085181215,-2.0463525,0.00118337,1.1366575899999987
isopropylamine,403.15,-14.71611476,-14.97277448,639.37,59.1106,SLE,-0.639978,0.7585544479,0.03831364,0.22909837,-0.25665972000000004
isopropylamine,398.15,-14.95115832,-15.22595168,642.86,59.1106,SLE,-0.67514844,0.7390299585,0.02466999,0.21127668,-0.2747933600000003
isopropylamine,393.15,-15.18811761,-15.48058181,646.38,59.1106,SLE,-0.71147231,0.7182967672,0.00977501,0.19432456,-0.2924641999999995
isopropylamine,388.15,-15.42696862,-15.73643074,649.93,59.1106,SLE,-0.74911252,0.6962561098,-0.00652719,0.1781917,-0.3094621199999992
isopropylamine,383.15,-15.66768595,-15.9932233,653.51,59.1106,SLE,-0.78826314,0.6727977238,-0.02442322,0.16283092,-0.32553735000000117
isopropylamine,378.15,-15.91024291,-16.25066625,657.13,59.1106,SLE,-0.82913815,0.647810251,-0.04412813,0.14820466,-0.3404233399999992
isopropylamine,373.15,-16.15461156,-16.50844235,660.78,59.1106,SLE,-0.87197638,0.6211843504,-0.06589076,0.1342838,-0.35383078999999995
isopropylamine,368.15,-16.40076282,-16.76618102,664.46,59.1106,SLE,-0.91706059,0.5928088005,-0.09000826,0.12104293,-0.3654182000000006
isopropylamine,363.15,-16.64866657,-17.02348764,668.18,59.1106,SLE,-0.96470297,0.5625904227,-0.11682233,0.10846685,-0.3748210699999994
isopropylamine,358.15,-16.89829177,-17.27993128,671.94,59.1106,SLE,-1.01525474,0.5304627867,-0.14672851,0.09654844,-0.3816395099999994
isopropylamine,353.15,-17.14960654,-17.53504374,675.72,59.1106,SLE,-1.06910956,0.4964027381,-0.18018217,0.08528849,-0.38543719999999837
isopropylamine,348.15,-17.40257834,-17.78832805,679.55,59.1106,SLE,-1.12670137,0.4604545929,-0.21770003,0.07469622,-0.3857497099999989
isopropylamine,343.15,-17.65717409,-18.0392735,683.41,59.1106,SLE,-1.1884978,0.4227598313,-0.25985656,0.06478914,-0.3820994099999986
isopropylamine,338.15,-17.91336033,-18.28737665,687.31,59.1106,SLE,-1.25498923,0.3835888745,-0.30727372,0.0555918,-0.37401631999999907
isopropylamine,333.15,-18.17110338,-18.5321791,691.24,59.1106,SLE,-1.32666584,0.3433727045,-0.36059679,0.04713399,-0.36107571999999877
isopropylamine,328.15,-18.43036953,-18.77329605,695.21,59.1106,SLE,-1.40399864,0.3027151947,-0.42046687,0.03944585,-0.3429265199999989
isopropylamine,323.15,-18.69112519,-19.01047351,699.22,59.1106,SLE,-1.48739955,0.2623889392,-0.48747049,0.03255371,-0.3193483199999996
isopropylamine,318.15,-18.95333714,-19.24363533,703.27,59.1106,SLE,-1.57718449,0.2232907911,-0.5620856,0.02647375,-0.29029819000000145
isopropylamine,313.15,-19.21697271,-19.47291268,707.36,59.1106,SLE,-1.67354538,0.1863555799,-0.64463292,0.0212058,-0.25593997
isopropylamine,308.15,-19.48199998,-19.69865244,711.49,59.1106,SLE,-1.77653422,0.1524425313,-0.73524179,0.01672884,-0.21665245999999883
isopropylamine,303.15,-19.74838803,-19.92138986,715.66,59.1106,SLE,-1.88607149,0.1222197727,-0.83384646,0.01299956,-0.17300183000000047
isopropylamine,298.15,-20.01610718,-20.14178919,719.87,59.1106,SLE,-2.00197874,0.0960815276,-0.94021731,0.00995454,-0.125682010000002
methanol,403.15,-14.71611476,-11.84708214,663.69,32.042,SLE,-2.33366454,0.0833047157,-1.04002394,0.00463805,2.8690326200000005
methanol,398.15,-14.95115832,-11.95261675,667.37,32.042,SLE,-2.47111067,0.0620349537,-1.16906639,0.00337979,2.9985415699999987
methanol,393.15,-15.18811761,-12.06908082,671.08,32.042,SLE,-2.60704609,0.0460919679,-1.29820285,0.00247146,3.119036790000001
methanol,388.15,-15.42696862,-12.19493629,674.83,32.042,SLE,-2.74226465,0.0341599797,-1.42777553,0.00181024,3.232032330000001
methanol,383.15,-15.66768595,-12.32919962,678.61,32.042,SLE,-2.87728466,0.0252507854,-1.55798762,0.00132652,3.3384863299999985
methanol,378.15,-15.91024291,-12.47123713,682.44,32.042,SLE,-3.01244899,0.0186166733,-1.6889566,0.00097174,3.4390057799999987
methanol,373.15,-16.15461156,-12.62064379,686.31,32.042,SLE,-3.14798436,0.0136907709,-1.82074536,0.00071124,3.5339677699999985
methanol,368.15,-16.40076282,-12.77717408,690.22,32.042,SLE,-3.28403444,0.0100437892,-1.95337736,0.00051995,3.6235887400000006
methanol,363.15,-16.64866657,-12.94069404,694.17,32.042,SLE,-3.4206831,0.0073513568,-2.08684772,0.00037959,3.7079725299999993
methanol,358.15,-16.89829177,-13.11114933,698.16,32.042,SLE,-3.55796981,0.0053691123,-2.22113013,0.00027671,3.78714244
methanol,353.15,-17.14960654,-13.28854103,702.19,32.042,SLE,-3.69590146,0.003913571,-2.35618269,0.00020142,3.8610655100000013
methanol,348.15,-17.40257834,-13.47290776,706.27,32.042,SLE,-3.8344614,0.0028474359,-2.49195251,0.0001464,3.9296705800000016
methanol,343.15,-17.65717409,-13.66431271,710.39,32.042,SLE,-3.97361602,0.002068336,-2.6283791,0.00010626,3.992861380000001
methanol,338.15,-17.91336033,-13.86283219,714.55,32.042,SLE,-4.11332106,0.0015002048,-2.76539828,7.703e-05,4.050528139999999
methanol,333.15,-18.17110338,-14.06854657,718.76,32.042,SLE,-4.25352678,0.0010867143,-2.90294559,5.578e-05,4.102556810000001
methanol,328.15,-18.43036953,-14.28153407,723.02,32.042,SLE,-4.39418186,0.0007862927,-3.04095877,4.035e-05,4.148835460000001
methanol,323.15,-18.69112519,-14.50186535,727.32,32.042,SLE,-4.53523703,0.000568354,-3.17938054,2.916e-05,4.189259840000002
methanol,318.15,-18.95333714,-14.72959961,731.67,32.042,SLE,-4.67664806,0.000410462,-3.31816071,2.105e-05,4.223737529999999
methanol,313.15,-19.21697271,-14.96478187,736.07,32.042,SLE,-4.81837822,0.0002962033,-3.45725816,1.519e-05,4.252190840000001
methanol,308.15,-19.48199998,-15.2074413,740.51,32.042,SLE,-4.96040016,0.0002136004,-3.59664231,1.095e-05,4.274558680000002
methanol,303.15,-19.74838803,-15.4575904,745.01,32.042,SLE,-5.10269755,0.0001539321,-3.73629442,7.89e-06,4.29079763
methanol,298.15,-20.01610718,-15.71522463,749.56,32.042,SLE,-5.24526634,0.0001108608,-3.87620866,5.69e-06,4.300882549999999
methanol,403.15,-14.71611476,-11.84708214,663.69,32.042,SLE,-2.33366454,0.0833047157,-1.04002394,0.00463805,2.8690326200000005
methanol,398.15,-14.95115832,-11.95261675,667.37,32.042,SLE,-2.47111067,0.0620349537,-1.16906639,0.00337979,2.9985415699999987
methanol,393.15,-15.18811761,-12.06908082,671.08,32.042,SLE,-2.60704609,0.0460919679,-1.29820285,0.00247146,3.119036790000001
methanol,388.15,-15.42696862,-12.19493629,674.83,32.042,SLE,-2.74226465,0.0341599797,-1.42777553,0.00181024,3.232032330000001
methanol,383.15,-15.66768595,-12.32919962,678.61,32.042,SLE,-2.87728466,0.0252507854,-1.55798762,0.00132652,3.3384863299999985
methanol,378.15,-15.91024291,-12.47123713,682.44,32.042,SLE,-3.01244899,0.0186166733,-1.6889566,0.00097174,3.4390057799999987
methanol,373.15,-16.15461156,-12.62064379,686.31,32.042,SLE,-3.14798436,0.0136907709,-1.82074536,0.00071124,3.5339677699999985
methanol,368.15,-16.40076282,-12.77717408,690.22,32.042,SLE,-3.28403444,0.0100437892,-1.95337736,0.00051995,3.6235887400000006
methanol,363.15,-16.64866657,-12.94069404,694.17,32.042,SLE,-3.4206831,0.0073513568,-2.08684772,0.00037959,3.7079725299999993
methanol,358.15,-16.89829177,-13.11114933,698.16,32.042,SLE,-3.55796981,0.0053691123,-2.22113013,0.00027671,3.78714244
methanol,353.15,-17.14960654,-13.28854103,702.19,32.042,SLE,-3.69590146,0.003913571,-2.35618269,0.00020142,3.8610655100000013
methanol,348.15,-17.40257834,-13.47290776,706.27,32.042,SLE,-3.8344614,0.0028474359,-2.49195251,0.0001464,3.9296705800000016
methanol,343.15,-17.65717409,-13.66431271,710.39,32.042,SLE,-3.97361602,0.002068336,-2.6283791,0.00010626,3.992861380000001
methanol,338.15,-17.91336033,-13.86283219,714.55,32.042,SLE,-4.11332106,0.0015002048,-2.76539828,7.703e-05,4.050528139999999
methanol,333.15,-18.17110338,-14.06854657,718.76,32.042,SLE,-4.25352678,0.0010867143,-2.90294559,5.578e-05,4.102556810000001
methanol,328.15,-18.43036953,-14.28153407,723.02,32.042,SLE,-4.39418186,0.0007862927,-3.04095877,4.035e-05,4.148835460000001
methanol,323.15,-18.69112519,-14.50186535,727.32,32.042,SLE,-4.53523703,0.000568354,-3.17938054,2.916e-05,4.189259840000002
methanol,318.15,-18.95333714,-14.72959961,731.67,32.042,SLE,-4.67664806,0.000410462,-3.31816071,2.105e-05,4.223737529999999
methanol,313.15,-19.21697271,-14.96478187,736.07,32.042,SLE,-4.81837822,0.0002962033,-3.45725816,1.519e-05,4.252190840000001
methanol,308.15,-19.48199998,-15.2074413,740.51,32.042,SLE,-4.96040016,0.0002136004,-3.59664231,1.095e-05,4.274558680000002
methanol,303.15,-19.74838803,-15.4575904,745.01,32.042,SLE,-5.10269755,0.0001539321,-3.73629442,7.89e-06,4.29079763
methanol,298.15,-20.01610718,-15.71522463,749.56,32.042,SLE,-5.24526634,0.0001108608,-3.87620866,5.69e-06,4.300882549999999
methylacetate,403.15,-14.71611476,-14.9668073,840.34,74.0789,SLE,-0.64321138,0.7128779892,0.04384357,0.22739904,-0.2506925399999993
methylacetate,398.15,-14.95115832,-15.22172063,844.8,74.0789,SLE,-0.67746987,0.6917769818,0.03100642,0.21015035,-0.27056231000000075
methylacetate,393.15,-15.18811761,-15.47880932,849.3,74.0789,SLE,-0.71245718,0.6698472316,0.01716658,0.19388438,-0.29069170999999905
methylacetate,388.15,-15.42696862,-15.73800525,853.84,74.0789,SLE,-0.74822639,0.6470952998,0.00225081,0.17855565,-0.31103663000000026
methylacetate,383.15,-15.66768595,-15.99921788,858.41,74.0789,SLE,-0.78484536,0.6235287674,-0.01382508,0.16411741,-0.3315319300000006
methylacetate,378.15,-15.91024291,-16.26238107,863.01,74.0789,SLE,-0.8223707,0.5991743441,-0.03114379,0.15053216,-0.35213816000000087
methylacetate,373.15,-16.15461156,-16.52742351,867.65,74.0789,SLE,-0.86086436,0.5740689785,-0.04979411,0.13776397,-0.3728119499999991
methylacetate,368.15,-16.40076282,-16.79427012,872.33,74.0789,SLE,-0.90039324,0.5482615136,-0.06987086,0.1257786,-0.39350729999999956
methylacetate,363.15,-16.64866657,-17.06286883,877.04,74.0789,SLE,-0.94101345,0.5218242659,-0.09146552,0.11454775,-0.4142022599999997
methylacetate,358.15,-16.89829177,-17.33314851,881.79,74.0789,SLE,-0.98279532,0.4948377296,-0.11467987,0.10404104,-0.43485674000000074
methylacetate,353.15,-17.14960654,-17.60506378,886.58,74.0789,SLE,-1.02579673,0.4674083654,-0.13960973,0.09423305,-0.45545723999999765
methylacetate,348.15,-17.40257834,-17.87856512,891.41,74.0789,SLE,-1.07008109,0.4396567679,-0.16635464,0.08509791,-0.4759867799999995
methylacetate,343.15,-17.65717409,-18.15360051,896.27,74.0789,SLE,-1.11571676,0.4117174071,-0.19501723,0.07660961,-0.4964264199999988
methylacetate,338.15,-17.91336033,-18.43012203,901.17,74.0789,SLE,-1.16277326,0.3837396212,-0.22570006,0.06874272,-0.5167617
methylacetate,333.15,-18.17110338,-18.70807139,906.12,74.0789,SLE,-1.21133101,0.3558798681,-0.25851192,0.06147082,-0.5369680099999989
methylacetate,328.15,-18.43036953,-18.98740556,911.1,74.0789,SLE,-1.26146512,0.3283084936,-0.2935558,0.05476901,-0.557036029999999
methylacetate,323.15,-18.69112519,-19.26805772,916.12,74.0789,SLE,-1.31327158,0.3011918833,-0.33094752,0.04861031,-0.5769325300000006
methylacetate,318.15,-18.95333714,-19.54996682,921.18,74.0789,SLE,-1.3668487,0.2746997603,-0.37080227,0.04296861,-0.596629680000003
methylacetate,313.15,-19.21697271,-19.83305187,926.28,74.0789,SLE,-1.42231541,0.2489925695,-0.41324869,0.03781678,-0.6160791599999982
methylacetate,308.15,-19.48199998,-20.1172344,931.42,74.0789,SLE,-1.47979714,0.2242254881,-0.45841809,0.03312858,-0.6352344199999997
methylacetate,303.15,-19.74838803,-20.40242579,936.6,74.0789,SLE,-1.53943569,0.2005405541,-0.50645251,0.02887781,-0.6540377599999978
methylacetate,298.15,-20.01610718,-20.68853172,941.83,74.0789,SLE,-1.60138743,0.1780648167,-0.55750369,0.02503875,-0.6724245400000015
butanone,403.15,-14.71611476,-14.99567638,716.5,72.1061,SLE,-0.62756838,0.7277560404,0.03117739,0.2357391,-0.27956162000000084
butanone,398.15,-14.95115832,-15.25452074,720.38,72.1061,SLE,-0.65947362,0.708516509,0.01845666,0.21904149,-0.3033624200000009
butanone,393.15,-15.18811761,-15.51589392,724.29,72.1061,SLE,-0.69185142,0.6886226187,0.00492626,0.20330525,-0.32777630999999907
butanone,388.15,-15.42696862,-15.77973336,728.23,72.1061,SLE,-0.72474182,0.6680799239,-0.00946091,0.18847692,-0.3527647399999996
butanone,383.15,-15.66768595,-16.04596009,732.2,72.1061,SLE,-0.75819556,0.6468933851,-0.02475941,0.17450362,-0.37827414000000203
butanone,378.15,-15.91024291,-16.31449821,736.21,72.1061,SLE,-0.79226353,0.6250746396,-0.0410263,0.16133793,-0.4042553000000009
butanone,373.15,-16.15461156,-16.58527083,740.26,72.1061,SLE,-0.82699919,0.6026414202,-0.0583224,0.14893639,-0.4306592699999996
butanone,368.15,-16.40076282,-16.85820545,744.34,72.1061,SLE,-0.86245566,0.5796204118,-0.07671056,0.13726011,-0.4574426299999992
butanone,363.15,-16.64866657,-17.13321072,748.46,72.1061,SLE,-0.89869971,0.5560391277,-0.09626396,0.12627003,-0.4845441500000014
butanone,358.15,-16.89829177,-17.41021222,752.61,72.1061,SLE,-0.93579093,0.5319403598,-0.11705404,0.11593353,-0.5119204499999981
butanone,353.15,-17.14960654,-17.68911724,756.81,72.1061,SLE,-0.97380313,0.5073692976,-0.13916334,0.10621769,-0.539510700000001
butanone,348.15,-17.40257834,-17.96983282,761.04,72.1061,SLE,-1.01281412,0.4823811464,-0.16267967,0.09709254,-0.567254479999999
butanone,343.15,-17.65717409,-18.25225764,765.3,72.1061,SLE,-1.05291121,0.4570385505,-0.18769988,0.08852966,-0.5950835499999982
butanone,338.15,-17.91336033,-18.53630224,769.61,72.1061,SLE,-1.09417902,0.431420192,-0.21432158,0.08050465,-0.6229419100000015
butanone,333.15,-18.17110338,-18.82184987,773.95,72.1061,SLE,-1.136725,0.4056055186,-0.24266092,0.07299195,-0.6507464899999995
butanone,328.15,-18.43036953,-19.10879441,778.34,72.1061,SLE,-1.1806561,0.379690061,-0.27283666,0.06596961,-0.6784248800000015
butanone,323.15,-18.69112519,-19.39701819,782.76,72.1061,SLE,-1.22609377,0.353776596,-0.30498085,0.05941639,-0.7058929999999997
butanone,318.15,-18.95333714,-19.68638831,787.23,72.1061,SLE,-1.27317787,0.3279736681,-0.33924239,0.05331165,-0.7330511700000031
butanone,313.15,-19.21697271,-19.97677596,791.73,72.1061,SLE,-1.32205473,0.3024024646,-0.37577812,0.04763709,-0.7598032500000009
butanone,308.15,-19.48199998,-20.26803343,796.28,72.1061,SLE,-1.37289416,0.2771874096,-0.41476626,0.04237462,-0.7860334499999979
butanone,303.15,-19.74838803,-20.56002713,800.87,72.1061,SLE,-1.42586773,0.2524664828,-0.45638899,0.03750872,-0.8116391000000007
butanone,298.15,-20.01610718,-20.85259066,805.5,72.1061,SLE,-1.48118354,0.2283732305,-0.50086092,0.033023,-0.8364834800000018
ch2cl2,403.15,-14.71611476,-15.00565215,1167.19,84.9331,SLE,-0.62216292,0.6975925546,0.07750378,0.23869157,-0.28953738999999956
ch2cl2,398.15,-14.95115832,-15.26464864,1173.38,84.9331,SLE,-0.6539168,0.6771879934,0.06783657,0.22186214,-0.31349032000000143
ch2cl2,393.15,-15.18811761,-15.52600296,1179.62,84.9331,SLE,-0.6862344,0.6561591135,0.05740082,0.2059518,-0.33788534999999875
ch2cl2,388.15,-15.42696862,-15.78960832,1185.9,84.9331,SLE,-0.71918419,0.6345024592,0.04612961,0.19090434,-0.362639699999999
ch2cl2,383.15,-15.66768595,-16.05535941,1192.22,84.9331,SLE,-0.7528366,0.6122202173,0.03395003,0.17667024,-0.387673460000002
ch2cl2,378.15,-15.91024291,-16.32314238,1198.59,84.9331,SLE,-0.78726994,0.5893175533,0.02078027,0.16320372,-0.41289947000000105
ch2cl2,373.15,-16.15461156,-16.59281968,1205.01,84.9331,SLE,-0.82257992,0.5657976614,0.00652424,0.15045966,-0.4382081200000023
ch2cl2,368.15,-16.40076282,-16.86427904,1211.47,84.9331,SLE,-0.85885175,0.5416819614,-0.00891637,0.13840387,-0.4635162199999989
ch2cl2,363.15,-16.64866657,-17.13737695,1217.98,84.9331,SLE,-0.89619354,0.5169897188,-0.02565822,0.1270008,-0.48871038000000055
ch2cl2,358.15,-16.89829177,-17.41197064,1224.53,84.9331,SLE,-0.93471839,0.4917519963,-0.04382906,0.1162202,-0.5136788699999997
ch2cl2,353.15,-17.14960654,-17.68791611,1231.13,84.9331,SLE,-0.97454612,0.4660127011,-0.06356899,0.10603613,-0.5383095699999991
ch2cl2,348.15,-17.40257834,-17.96504884,1237.78,84.9331,SLE,-1.01581588,0.4398227567,-0.08503827,0.09642377,-0.5624704999999999
ch2cl2,343.15,-17.65717409,-18.24321647,1244.47,84.9331,SLE,-1.05866686,0.4132548874,-0.10840729,0.08736413,-0.5860423799999985
ch2cl2,338.15,-17.91336033,-18.52224315,1251.22,84.9331,SLE,-1.10326144,0.3863912371,-0.13387046,0.07883854,-0.6088828200000016
ch2cl2,333.15,-18.17110338,-18.80195418,1258.01,84.9331,SLE,-1.14977087,0.3593346028,-0.16163855,0.07083194,-0.6308507999999975
ch2cl2,328.15,-18.43036953,-19.08217894,1264.85,84.9331,SLE,-1.19837412,0.3322102592,-0.19193758,0.06333239,-0.6518094099999985
ch2cl2,323.15,-18.69112519,-19.36273484,1271.74,84.9331,SLE,-1.24926946,0.305159983,-0.22501618,0.05632881,-0.6716096500000006
ch2cl2,318.15,-18.95333714,-19.64344828,1278.68,84.9331,SLE,-1.3026617,0.2783487451,-0.26113633,0.0498125,-0.6901111400000026
ch2cl2,313.15,-19.21697271,-19.92414748,1285.67,84.9331,SLE,-1.3587679,0.2519593112,-0.30057573,0.0437756,-0.7071747699999982
ch2cl2,308.15,-19.48199998,-20.20467078,1292.71,84.9331,SLE,-1.41781259,0.226190569,-0.34362231,0.03821091,-0.7226707999999995
ch2cl2,303.15,-19.74838803,-20.48487068,1299.8,84.9331,SLE,-1.48002567,0.2012520998,-0.39056975,0.03311115,-0.7364826499999992
ch2cl2,298.15,-20.01610718,-20.76463207,1306.94,84.9331,SLE,-1.54562968,0.1773602215,-0.44170358,0.02846888,-0.7485248900000023
propyleneglycol,403.15,-14.71611476,-10.81381822,888.71,76.0948,SLE,-2.89354857,0.0103973457,-1.82949393,0.00127777,3.90229654
propyleneglycol,398.15,-14.95115832,-10.96111637,893.29,76.0948,SLE,-3.01511159,0.0078764177,-1.94800812,0.0009658,3.99004195
propyleneglycol,393.15,-15.18811761,-11.11360794,897.9,76.0948,SLE,-3.13794712,0.0059461238,-2.06798656,0.00072787,4.074509670000001
propyleneglycol,388.15,-15.42696862,-11.27099493,902.53,76.0948,SLE,-3.2622586,0.0044718512,-2.18958842,0.00054669,4.15597369
propyleneglycol,383.15,-15.66768595,-11.43309076,907.19,76.0948,SLE,-3.38819584,0.0033494975,-2.31292949,0.00040908,4.2345951899999985
propyleneglycol,378.15,-15.91024291,-11.5997989,911.87,76.0948,SLE,-3.5158638,0.0024982576,-2.43808846,0.00030489,4.310444009999999
propyleneglycol,373.15,-16.15461156,-11.77109015,916.58,76.0948,SLE,-3.64533288,0.0018552986,-2.56511547,0.00022629,4.38352141
propyleneglycol,368.15,-16.40076282,-11.94698968,921.31,76.0948,SLE,-3.77664445,0.0013717878,-2.69403615,0.00016725,4.453773140000001
propyleneglycol,363.15,-16.64866657,-12.12756503,926.06,76.0948,SLE,-3.90981601,0.0010098423,-2.82485584,0.00012308,4.52110154
propyleneglycol,358.15,-16.89829177,-12.31291665,930.84,76.0948,SLE,-4.04484543,0.0007401625,-2.95756306,9.019e-05,4.58537512
propyleneglycol,353.15,-17.14960654,-12.50316841,935.64,76.0948,SLE,-4.18171545,0.0005401736,-3.09213335,6.581e-05,4.64643813
propyleneglycol,348.15,-17.40257834,-12.69846128,940.47,76.0948,SLE,-4.32039674,0.0003925621,-3.22853186,4.782e-05,4.7041170600000015
propyleneglycol,343.15,-17.65717409,-12.89894683,945.33,76.0948,SLE,-4.46085112,0.0002841158,-3.36671626,3.461e-05,4.758227260000002
propyleneglycol,338.15,-17.91336033,-13.10478153,950.2,76.0948,SLE,-4.60303483,0.0002048057,-3.50663961,2.494e-05,4.808578799999999
propyleneglycol,333.15,-18.17110338,-13.31612227,955.1,76.0948,SLE,-4.74690102,0.0001470611,-3.64825271,1.791e-05,4.854981110000002
propyleneglycol,328.15,-18.43036953,-13.53312203,960.03,76.0948,SLE,-4.89240263,0.0001051991,-3.79150673,1.281e-05,4.897247500000001
propyleneglycol,323.15,-18.69112519,-13.75592636,964.98,76.0948,SLE,-5.03949483,7.49776e-05,-3.93635556,9.13e-06,4.935198830000001
propyleneglycol,318.15,-18.95333714,-13.98467019,969.95,76.0948,SLE,-5.1881375,5.32472e-05,-4.08275812,6.48e-06,4.968666949999999
propyleneglycol,313.15,-19.21697271,-14.21947533,974.95,76.0948,SLE,-5.33829757,3.76828e-05,-4.23068067,4.59e-06,4.99749738
