Solvent,Temperature_K,mu_self,mu_solv,Solvent_density,Solvent_MolWeight,Method,log10_x,w,log10_S,delta_mu
propanol,403.15,4.12814181,3.92957247,700.0,60.0953,REF,-1.02290136,0.2883370867,-0.01766001,-0.1985693399999997
propanol,398.15,3.9249904,3.70856952,703.8,60.0953,REF,-1.14652362,0.2290370829,-0.12463259,-0.21642087999999982
propanol,393.15,3.71738099,3.48658528,707.63,60.0953,REF,-1.27522292,0.1780500839,-0.23949318,-0.2307957100000002
propanol,388.15,3.50516833,3.26338952,711.49,60.0953,REF,-1.40914764,0.1355506422,-0.36200168,-0.24177881
propanol,383.15,3.28820878,3.03855495,715.38,60.0953,REF,-1.54834053,0.101168124,-0.49181657,-0.2496538300000002
propanol,378.15,3.06636144,2.81152836,719.31,60.0953,REF,-1.69277229,0.0741184195,-0.62854266,-0.25483308000000005
propanol,373.15,2.83948933,2.58170748,723.28,60.0953,REF,-1.842381,0.0533737425,-0.77178399,-0.2577818500000002
propanol,368.15,2.6074606,2.34849845,727.28,60.0953,REF,-1.99710334,0.0378256383,-0.9211847,-0.2589621499999999
propanol,363.15,2.37014979,2.11135761,731.31,60.0953,REF,-2.15689883,0.0264092445,-1.07645774,-0.2587921799999999
propanol,358.15,2.12743908,1.86981089,735.38,60.0953,REF,-2.32176257,0.0181796829,-1.23739733,-0.2576281899999999
propanol,353.15,1.87921951,1.62346066,739.49,60.0953,REF,-2.49173119,0.0123457485,-1.40388125,-0.25575884999999987
propanol,348.15,1.62539208,1.37198269,743.63,60.0953,REF,-2.66688326,0.0082734481,-1.57586544,-0.25340938999999985
propanol,343.15,1.3658688,1.11511852,747.82,60.0953,REF,-2.84733677,0.0054719184,-1.7533754,-0.2507502800000001
propanol,338.15,1.10057361,0.85266592,752.04,60.0953,REF,-3.03324536,0.003571453,-1.93649618,-0.24790769000000012
propanol,333.15,0.82944309,0.58447001,756.29,60.0953,REF,-3.22479463,0.0022998841,-2.12536345,-0.24497308000000007
propanol,328.15,0.55242703,0.31041521,760.59,60.0953,REF,-3.42219891,0.0014607376,-2.3201557,-0.24201182000000004
propanol,323.15,0.26948871,0.03041856,764.92,60.0953,REF,-3.62569869,0.0009146362,-2.5210881,-0.23907015
propanol,318.15,-0.01939498,-0.25557574,769.3,60.0953,REF,-3.83555891,0.0005642883,-2.72840789,-0.23618076
propanol,313.15,-0.31423366,-0.54760072,773.71,60.0953,REF,-4.05206788,0.0003428178,-2.94239126,-0.23336706000000002
propanol,308.15,-0.6150239,-0.8456703,778.17,60.0953,REF,-4.27553697,0.0002049457,-3.16334131,-0.23064640000000003
propanol,303.15,-0.92174984,-1.14978233,782.67,60.0953,REF,-4.50630066,0.0001204765,-3.39158698,-0.22803249000000003
propanol,298.15,-1.23438398,-1.45992122,787.21,60.0953,REF,-4.74471723,6.95828e-05,-3.62748291,-0.22553723999999997
2-propanol,403.15,4.12814181,3.93302143,692.67,60.0953,REF,-1.02477102,0.2873623123,-0.02288732,-0.19512037999999965
2-propanol,398.15,3.9249904,3.71220489,696.44,60.0953,REF,-1.14851908,0.2281647277,-0.130239,-0.2127855099999998
2-propanol,393.15,3.71738099,3.4902621,700.23,60.0953,REF,-1.27726681,0.1773240028,-0.2453658,-0.2271188900000003
2-propanol,388.15,3.50516833,3.26695607,704.06,60.0953,REF,-1.41115576,0.134987896,-0.36801884,-0.23821226000000006
2-propanol,383.15,3.28820878,3.04186278,707.93,60.0953,REF,-1.55022729,0.1007623194,-0.49785597,-0.24634599999999995
2-propanol,378.15,3.06636144,2.81443984,711.82,60.0953,REF,-1.69445493,0.0738474992,-0.63448797,-0.2519216000000002
2-propanol,373.15,2.83948933,2.58409934,715.76,60.0953,REF,-1.84378186,0.0532086376,-0.77752858,-0.2553899900000003
2-propanol,368.15,2.6074606,2.35026226,719.73,60.0953,REF,-1.99815039,0.0377371015,-0.92663279,-0.25719833999999997
2-propanol,363.15,2.37014979,2.11239794,723.73,60.0953,REF,-2.15752491,0.0263719443,-1.08152353,-0.25775185
2-propanol,358.15,2.12743908,1.8700425,727.77,60.0953,REF,-2.3219039,0.0181738475,-1.24200293,-0.25739657999999976
2-propanol,353.15,1.87921951,1.62280548,731.84,60.0953,REF,-2.49132573,0.0123571743,-1.40795422,-0.25641402999999996
2-propanol,348.15,1.62539208,1.37036721,735.96,60.0953,REF,-2.66586916,0.0082926706,-1.5793365,-0.25502486999999996
2-propanol,343.15,1.3658688,1.11247183,740.11,60.0953,REF,-2.84565114,0.0054931111,-1.75617642,-0.25339697000000005
2-propanol,338.15,1.10057361,0.84891837,744.3,60.0953,REF,-3.03082333,0.0035913732,-1.93855867,-0.25165524000000006
2-propanol,333.15,0.82944309,0.57955251,748.52,60.0953,REF,-3.22156877,0.0023170014,-2.12661751,-0.24989058000000008
2-propanol,328.15,0.55242703,0.30425892,752.79,60.0953,REF,-3.41809887,0.0014745781,-2.32052929,-0.24816811000000005
2-propanol,323.15,0.26948871,0.02295496,757.1,60.0953,REF,-3.62065108,0.0009253213,-2.52050666,-0.24653375000000002
2-propanol,318.15,-0.01939498,-0.26441462,761.44,60.0953,REF,-3.82948725,0.0005722294,-2.72679413,-0.24501963999999998
2-propanol,313.15,-0.31423366,-0.55788193,765.83,60.0953,REF,-4.04489269,0.0003485273,-2.93966507,-0.24364826999999994
2-propanol,308.15,-0.6150239,-0.85745961,770.25,60.0953,REF,-4.26717578,0.0002089289,-3.15941975,-0.24243571000000008
2-propanol,303.15,-0.92174984,-1.1631439,774.72,60.0953,REF,-4.4966681,0.0001231782,-3.38638429,-0.24139405999999985
2-propanol,298.15,-1.23438398,-1.47491739,779.23,60.0953,REF,-4.73372496,7.13664e-05,-3.62091038,-0.24053341000000006
propanone,403.15,4.12814181,3.75891849,710.52,58.0795,REF,-0.93039071,0.3472511269,0.07727933,-0.3692233199999997
propanone,398.15,3.9249904,3.51249891,714.36,58.0795,REF,-1.03889996,0.2870049049,-0.01249062,-0.41249148999999985
propanone,393.15,3.71738099,3.2669279,718.24,58.0795,REF,-1.15311904,0.2321911276,-0.11051574,-0.4504530899999999
propanone,388.15,3.50516833,3.02287748,722.16,58.0795,REF,-1.27372877,0.1836426315,-0.21726808,-0.48229085000000005
propanone,383.15,3.28820878,2.78062511,726.1,58.0795,REF,-1.40121952,0.141896814,-0.33302326,-0.5075836700000003
propanone,378.15,3.06636144,2.54000672,730.09,58.0795,REF,-1.53585085,0.107112259,-0.4578099,-0.52635472
propanone,373.15,2.83948933,2.30047509,734.11,58.0795,REF,-1.67766954,0.0790406671,-0.59142507,-0.5390142400000002
propanone,368.15,2.6074606,2.06120488,738.17,58.0795,REF,-1.82655675,0.057082193,-0.73348963,-0.54625572
propanone,363.15,2.37014979,1.82121404,742.26,58.0795,REF,-1.98228894,0.0404024434,-0.88352354,-0.5489357500000001
propanone,358.15,2.12743908,1.5795028,746.39,58.0795,REF,-2.14461462,0.0280676186,-1.04103713,-0.5479362799999998
propanone,353.15,1.87921951,1.33514438,750.56,58.0795,REF,-2.31330776,0.0191630721,-1.2055956,-0.54407513
propanone,348.15,1.62539208,1.08733947,754.77,58.0795,REF,-2.48820307,0.0128719366,-1.3768598,-0.5380526099999998
propanone,343.15,1.3658688,0.83543103,759.01,58.0795,REF,-2.66920926,0.008512734,-1.55459964,-0.5304377700000001
propanone,338.15,1.10057361,0.578897,763.3,58.0795,REF,-2.85630915,0.005545501,-1.73869111,-0.5216766100000001
propanone,333.15,0.82944309,0.31733058,767.62,58.0795,REF,-3.04955186,0.0035591582,-1.92910345,-0.5121125100000001
propanone,328.15,0.55242703,0.05041678,771.99,58.0795,REF,-3.24904183,0.0022505284,-2.12588287,-0.50201025
propanone,323.15,0.26948871,-0.22208917,776.39,58.0795,REF,-3.45492835,0.0014017637,-2.32913706,-0.49157788
propanone,318.15,-0.01939498,-0.50038025,780.84,58.0795,REF,-3.6673963,0.0008597725,-2.53902178,-0.48098526999999996
propanone,313.15,-0.31423366,-0.78461205,785.33,58.0795,REF,-3.88665907,0.000519077,-2.75573039,-0.47037839
propanone,308.15,-0.6150239,-1.07491354,789.86,58.0795,REF,-4.11295353,0.0003083231,-2.97948616,-0.4598896400000001
propanone,303.15,-0.92174984,-1.37139487,794.43,58.0795,REF,-4.34653674,0.0001800796,-3.2105371,-0.44964503
propanone,298.15,-1.23438398,-1.67415287,799.05,58.0795,REF,-4.58768429,0.0001033575,-3.44915287,-0.43976888999999986
acetylacetone,403.15,4.12814181,4.28254419,867.41,100.1163,REF,-1.21424551,0.1311160423,-0.30042859,0.1544023800000005
acetylacetone,398.15,3.9249904,4.11378706,871.9,100.1163,REF,-1.36894855,0.0939233792,-0.4458715,0.18879665999999995
acetylacetone,393.15,3.71738099,3.94080268,876.41,100.1163,REF,-1.52771481,0.066248152,-0.59729925,0.2234216899999999
acetylacetone,388.15,3.50516833,3.76315678,880.96,100.1163,REF,-1.69053861,0.0460785971,-0.75423012,0.25798845000000004
acetylacetone,383.15,3.28820878,3.58066699,885.53,100.1163,REF,-1.85755668,0.0316323977,-0.91642136,0.29245820999999994
acetylacetone,378.15,3.06636144,3.39330712,890.12,100.1163,REF,-2.02900171,0.0214409683,-1.08381363,0.3269456799999997
acetylacetone,373.15,2.83948933,3.20113188,894.75,100.1163,REF,-2.20516391,0.0143500252,-1.25647787,0.36164255
acetylacetone,368.15,2.6074606,3.00422911,899.4,100.1163,REF,-2.3863659,0.009481175,-1.43457487,0.3967685099999998
acetylacetone,363.15,2.37014979,2.80268796,904.08,100.1163,REF,-2.57294499,0.006181618,-1.61832414,0.43253816999999994
acetylacetone,358.15,2.12743908,2.59658313,908.78,100.1163,REF,-2.76524388,0.0039751192,-1.80798362,0.46914405000000015
acetylacetone,353.15,1.87921951,2.38596737,913.51,100.1163,REF,-2.96360558,0.0025196999,-2.00383601,0.5067478599999999
acetylacetone,348.15,1.62539208,2.17086922,918.27,100.1163,REF,-3.16837137,0.0015733204,-2.20618016,0.5454771400000002
acetylacetone,343.15,1.3658688,1.95129365,923.06,100.1163,REF,-3.37988039,0.0009670704,-2.41532574,0.5854248499999999
acetylacetone,338.15,1.10057361,1.72722463,927.87,100.1163,REF,-3.59847057,0.0005847395,-2.63159041,0.62665102
acetylacetone,333.15,0.82944309,1.49862784,932.71,100.1163,REF,-3.82447981,0.0003475456,-2.8552984,0.6691847499999999
acetylacetone,328.15,0.55242703,1.26545379,937.58,100.1163,REF,-4.05824774,0.0002028989,-3.08678021,0.71302676
acetylacetone,323.15,0.26948871,1.02764073,942.47,100.1163,REF,-4.30011756,0.0001162603,-3.32637307,0.7581520199999998
acetylacetone,318.15,-0.01939498,0.78511716,947.4,100.1163,REF,-4.55043802,6.53316e-05,-3.57442188,0.8045121399999999
acetylacetone,313.15,-0.31423366,0.53780396,952.35,100.1163,REF,-4.80956541,3.59752e-05,-3.83128051,0.8520376199999999
acetylacetone,308.15,-0.6150239,0.28561606,957.33,100.1163,REF,-5.07786566,1.93958e-05,-4.09731341,0.9006399599999999
acetylacetone,303.15,-0.92174984,0.02846365,962.33,100.1163,REF,-5.35571647,1.02296e-05,-4.37289737,0.95021349
acetylacetone,298.15,-1.23438398,-0.23374694,967.37,100.1163,REF,-5.64350951,5.273109e-06,-4.65842357,1.00063704
benzene,403.15,4.12814181,5.70923851,775.84,78.1124,REF,-1.98764915,0.0299903146,-0.99596447,1.5810966999999998
benzene,398.15,3.9249904,5.62712234,779.96,78.1124,REF,-2.19962209,0.0185506791,-1.20357341,1.7021319399999997
benzene,393.15,3.71738099,5.52747857,784.12,78.1124,REF,-2.40972152,0.0114899015,-1.41010281,1.8100975800000003
benzene,388.15,3.50516833,5.4156751,788.3,78.1124,REF,-2.62097918,0.0070849428,-1.61826337,1.9105067699999996
benzene,383.15,3.28820878,5.29520153,792.52,78.1124,REF,-2.83551277,0.0043311141,-1.82998931,2.0069927499999998
benzene,378.15,3.06636144,5.16840769,796.78,78.1124,REF,-3.05489172,0.002616472,-2.04673971,2.1020462500000003
benzene,373.15,2.83948933,5.03690645,801.06,78.1124,REF,-3.28033567,0.0015580367,-2.26966572,2.19741712
benzene,368.15,2.6074606,4.90182338,805.38,78.1124,REF,-3.51283816,0.00091256,-2.49971758,2.2943627799999997
benzene,363.15,2.37014979,4.76394513,809.74,78.1124,REF,-3.75323965,0.0005247734,-2.7377082,2.3937953399999996
benzene,358.15,2.12743908,4.62382161,814.13,78.1124,REF,-4.00227843,0.0002958006,-2.98435832,2.4963825300000004
benzene,353.15,1.87921951,4.48183477,818.55,78.1124,REF,-4.26062518,0.0001631889,-3.24032753,2.60261526
benzene,348.15,1.62539208,4.33824703,823.01,78.1124,REF,-4.52890778,8.79892e-05,-3.5062368,2.7128549499999997
benzene,343.15,1.3658688,4.19323624,827.51,78.1124,REF,-4.80772988,4.63041e-05,-3.7826855,2.8273674399999997
benzene,338.15,1.10057361,4.04692066,832.04,78.1124,REF,-5.09768458,2.37504e-05,-4.07026416,2.9463470499999995
benzene,333.15,0.82944309,3.89937717,836.61,78.1124,REF,-5.39936517,1.18575e-05,-4.36956454,3.0699340800000003
benzene,328.15,0.55242703,3.75065426,841.21,78.1124,REF,-5.71337337,5.754236e-06,-4.68118747,3.19822723
benzene,323.15,0.26948871,3.60078118,845.86,78.1124,REF,-6.04032603,2.710416e-06,-5.00574927,3.3312924699999997
benzene,318.15,-0.01939498,3.44977438,850.54,78.1124,REF,-6.38086061,1.237376e-06,-5.34388712,3.46916936
benzene,313.15,-0.31423366,3.29764174,855.26,78.1124,REF,-6.73563993,5.466667e-07,-5.69626365,3.6118754
benzene,308.15,-0.6150239,3.14438552,860.01,78.1124,REF,-7.10535654,2.333491e-07,-6.06357134,3.75940942
benzene,303.15,-0.92174984,2.99000458,864.81,78.1124,REF,-7.49073728,9.607833e-08,-6.44653694,3.91175442
benzene,298.15,-1.23438398,2.83449384,869.64,78.1124,REF,-7.89254636,3.809047e-08,-6.84592462,4.06887782
chcl3,403.15,4.12814181,4.43262701,1335.87,119.3783,REF,-1.29560463,0.0940228576,-0.27831652,0.30448520000000023
chcl3,398.15,3.9249904,4.26899996,1342.82,119.3783,REF,-1.4541453,0.0661922034,-0.42520344,0.3440095600000004
chcl3,393.15,3.71738099,4.09667166,1349.82,119.3783,REF,-1.61435978,0.046230156,-0.57645436,0.37929067000000005
chcl3,388.15,3.50516833,3.91566443,1356.85,119.3783,REF,-1.77640713,0.0320574039,-0.73149797,0.41049610000000003
chcl3,383.15,3.28820878,3.72623723,1363.93,119.3783,REF,-1.94058872,0.0220740809,-0.89008462,0.43802845
chcl3,378.15,3.06636144,3.52876221,1371.05,119.3783,REF,-2.10728573,0.0150894606,-1.05219041,0.4624007699999999
chcl3,373.15,2.83948933,3.32364334,1378.21,119.3783,REF,-2.2769161,0.0102346896,-1.21794015,0.4841540099999997
chcl3,368.15,2.6074606,3.11125572,1385.41,119.3783,REF,-2.44990029,0.0068833683,-1.38754411,0.5037951199999999
chcl3,363.15,2.37014979,2.89192083,1392.65,119.3783,REF,-2.6266458,0.0045871365,-1.56125985,0.52177104
chcl3,358.15,2.12743908,2.66589625,1399.93,119.3783,REF,-2.80753921,0.0030267622,-1.73936749,0.53845717
chcl3,353.15,1.87921951,2.43337871,1407.26,119.3783,REF,-2.99294591,0.0019760308,-1.92215704,0.5541592
chcl3,348.15,1.62539208,2.19450959,1414.63,119.3783,REF,-3.18321123,0.0012754881,-2.1099208,0.5691175100000001
chcl3,343.15,1.3658688,1.94938468,1422.04,119.3783,REF,-3.37866461,0.0008134308,-2.30295102,0.58351588
chcl3,338.15,1.10057361,1.69806388,1429.49,119.3783,REF,-3.57962404,0.0005121826,-2.50153992,0.59749027
chcl3,333.15,0.82944309,1.44058003,1436.98,119.3783,REF,-3.7864006,0.000318192,-2.70598076,0.61113694
chcl3,328.15,0.55242703,1.17694764,1444.52,119.3783,REF,-3.99930328,0.0001949003,-2.9165704,0.62452061
chcl3,323.15,0.26948871,0.90716936,1452.1,119.3783,REF,-4.21864308,0.0001176221,-3.13361166,0.6376806500000001
chcl3,318.15,-0.01939498,0.63124207,1459.72,119.3783,REF,-4.44473721,6.98884e-05,-3.35741631,0.6506370499999999
chcl3,313.15,-0.31423366,0.34916158,1467.39,119.3783,REF,-4.67791301,4.08541e-05,-3.58830811,0.66339524
chcl3,308.15,-0.6150239,0.06092642,1475.09,119.3783,REF,-4.91851172,2.34769e-05,-3.82662601,0.67595032
chcl3,303.15,-0.92174984,-0.23345929,1482.84,119.3783,REF,-5.16689216,1.32514e-05,-4.07272736,0.6882905500000001
chcl3,298.15,-1.23438398,-0.53398373,1490.63,119.3783,REF,-5.42343434,7.340424e-06,-4.32699128,0.7004002500000001
cyclohexane,403.15,4.12814181,7.60816421,682.56,84.16,REF,-3.01704699,0.00264969,-2.10834887,3.4800224
cyclohexane,398.15,3.9249904,7.50220926,686.3,84.16,REF,-3.22886204,0.0016280336,-2.31766297,3.57721886
cyclohexane,393.15,3.71738099,7.39150771,690.07,84.16,REF,-3.44590429,0.0009880946,-2.53224275,3.67412672
cyclohexane,388.15,3.50516833,7.27734497,693.88,84.16,REF,-3.66918128,0.00059106,-2.75307811,3.7721766399999996
cyclohexane,383.15,3.28820878,7.16060478,697.73,84.16,REF,-3.8995231,0.000347822,-2.98098778,3.8723959999999997
cyclohexane,378.15,3.06636144,7.04189847,701.61,84.16,REF,-4.13764474,0.0002010371,-3.21667943,3.9755370299999995
cyclohexane,373.15,2.83948933,6.92164987,705.53,84.16,REF,-4.38418738,0.0001139614,-3.46078952,4.08216054
cyclohexane,368.15,2.6074606,6.80015225,709.5,84.16,REF,-4.6397465,6.32721e-05,-3.71391046,4.19269165
cyclohexane,363.15,2.37014979,6.67760805,713.5,84.16,REF,-4.90489185,3.43617e-05,-3.97661009,4.30745826
cyclohexane,358.15,2.12743908,6.55415654,717.54,84.16,REF,-5.18018179,1.82301e-05,-4.24944551,4.426717460000001
cyclohexane,353.15,1.87921951,6.42989356,721.62,84.16,REF,-5.46617398,9.436261e-06,-4.53297359,4.55067405
cyclohexane,348.15,1.62539208,6.30488545,725.74,84.16,REF,-5.76343329,4.759288e-06,-4.8277587,4.679493369999999
cyclohexane,343.15,1.3658688,6.17917872,729.9,84.16,REF,-6.07253789,2.335813e-06,-5.13437867,4.81330992
cyclohexane,338.15,1.10057361,6.0528069,734.11,84.16,REF,-6.39408408,1.114018e-06,-5.45342956,4.952233290000001
cyclohexane,333.15,0.82944309,5.92579493,738.36,84.16,REF,-6.72868998,5.155686e-07,-5.78552931,5.0963518400000005
cyclohexane,328.15,0.55242703,5.79816236,742.65,84.16,REF,-7.07699903,2.311945e-07,-6.13132122,5.2457353300000005
cyclohexane,323.15,0.26948871,5.66992587,746.99,84.16,REF,-7.43968343,1.002982e-07,-6.49147734,5.40043716
cyclohexane,318.15,-0.01939498,5.54109795,751.37,84.16,REF,-7.81744536,4.202727e-08,-6.86669977,5.5604929300000006
cyclohexane,313.15,-0.31423366,5.41169172,755.79,84.16,REF,-8.21102295,1.698062e-08,-7.25772648,5.7259253800000005
cyclohexane,308.15,-0.6150239,5.28171882,760.26,84.16,REF,-8.62119187,6.60366e-09,-7.66533305,5.89674272
cyclohexane,303.15,-0.92174984,5.15118986,764.78,84.16,REF,-9.04876928,2.467217e-09,-8.09033652,6.0729397
cyclohexane,298.15,-1.23438398,5.02011481,769.35,84.16,REF,-9.49461817,8.838089e-10,-8.53359976,6.2544987899999995
cyclohexanol,403.15,4.12814181,4.21172372,849.16,100.1595,REF,-1.1758541,0.1422008376,-0.27247027,0.08358191000000037
cyclohexanol,398.15,3.9249904,4.01848397,853.6,100.1595,REF,-1.31663644,0.1051858253,-0.40424397,0.09349357000000014
cyclohexanol,393.15,3.71738099,3.81936616,858.06,100.1595,REF,-1.46021027,0.076870732,-0.540523,0.10198516999999985
cyclohexanol,388.15,3.50516833,3.61435042,862.55,100.1595,REF,-1.60675407,0.0555508441,-0.68108407,0.10918209000000001
cyclohexanol,383.15,3.28820878,3.4034685,867.07,100.1595,REF,-1.75648415,0.0397174456,-0.8258241,0.11525971999999962
cyclohexanol,378.15,3.06636144,3.18676365,871.61,100.1595,REF,-1.90963332,0.0281033397,-0.97472677,0.12040220999999995
cyclohexanol,373.15,2.83948933,2.96426884,876.18,100.1595,REF,-2.06643857,0.0196816719,-1.1278374,0.12477950999999976
cyclohexanol,368.15,2.6074606,2.73599799,880.78,100.1595,REF,-2.22713538,0.0136417989,-1.28524561,0.12853738999999997
cyclohexanol,363.15,2.37014979,2.50194432,885.4,100.1595,REF,-2.39195592,0.009356572,-1.44707354,0.13179453000000008
cyclohexanol,358.15,2.12743908,2.26208363,890.05,100.1595,REF,-2.56113003,0.0063487626,-1.61346883,0.13464454999999997
cyclohexanol,353.15,1.87921951,2.01637834,894.73,100.1595,REF,-2.73488681,0.0042603946,-1.78459967,0.13715883000000018
cyclohexanol,348.15,1.62539208,1.76478261,899.43,100.1595,REF,-2.91345706,0.0028264061,-1.96065215,0.13939053
cyclohexanol,343.15,1.3658688,1.50724721,904.17,100.1595,REF,-3.09707588,0.0018529196,-2.14182885,0.14137840999999995
cyclohexanol,338.15,1.10057361,1.24372371,908.93,100.1595,REF,-3.28598508,0.0011998,-2.32834816,0.14315009999999995
cyclohexanol,333.15,0.82944309,0.97416808,913.72,100.1595,REF,-3.48043556,0.0007669471,-2.52044431,0.14472498999999994
cyclohexanol,328.15,0.55242703,0.69854345,918.53,100.1595,REF,-3.68068953,0.0004837059,-2.71836775,0.1461164199999999
cyclohexanol,323.15,0.26948871,0.41682217,923.38,100.1595,REF,-3.88702249,0.000300811,-2.92238582,0.14733345999999997
cyclohexanol,318.15,-0.01939498,0.12898713,928.25,100.1595,REF,-4.09972518,0.0001843401,-3.13278363,0.14838211
cyclohexanol,313.15,-0.31423366,-0.16496757,933.15,100.1595,REF,-4.3191053,0.0001112392,-3.3498651,0.14926609000000002
cyclohexanol,308.15,-0.6150239,-0.46503659,938.08,100.1595,REF,-4.54548926,6.60518e-05,-3.57395408,0.14998730999999993
cyclohexanol,303.15,-0.92174984,-0.77120382,943.03,100.1595,REF,-4.77922378,3.85618e-05,-3.80539564,0.15054602000000006
cyclohexanol,298.15,-1.23438398,-1.08344333,948.02,100.1595,REF,-5.02067753,2.2116e-05,-4.04455738,0.15094065000000012
"2,3-dihydropyran",403.15,4.12814181,4.99688724,840.91,84.1169,REF,-1.6014872,0.0662167944,-0.61471714,0.8687454300000006
"2,3-dihydropyran",398.15,3.9249904,4.89275081,845.34,84.1169,REF,-1.79652371,0.0429160724,-0.80278279,0.9677604099999999
"2,3-dihydropyran",393.15,3.71738099,4.76973006,849.81,84.1169,REF,-1.98850174,0.0278554907,-0.98949151,1.0523490699999996
"2,3-dihydropyran",388.15,3.50516833,4.63199741,854.3,84.1169,REF,-2.17973414,0.0180482815,-1.17651011,1.1268290800000003
"2,3-dihydropyran",383.15,3.28820878,4.48267569,858.83,84.1169,REF,-2.37205486,0.01163879,-1.36528698,1.1944669099999996
"2,3-dihydropyran",378.15,3.06636144,4.32401053,863.39,84.1169,REF,-2.56688635,0.0074514969,-1.5570067,1.2576490899999997
"2,3-dihydropyran",373.15,2.83948933,4.15760083,867.98,84.1169,REF,-2.7653462,0.0047265207,-1.7526358,1.3181114999999997
"2,3-dihydropyran",368.15,2.6074606,3.98456747,872.6,84.1169,REF,-2.9683259,0.0029651799,-1.95296782,1.37710687
"2,3-dihydropyran",363.15,2.37014979,3.8056827,877.26,84.1169,REF,-3.17655239,0.0018371201,-2.15866528,1.43553291
"2,3-dihydropyran",358.15,2.12743908,3.62146336,881.94,84.1169,REF,-3.39063269,0.0011226784,-2.37029257,1.49402428
"2,3-dihydropyran",353.15,1.87921951,3.43223673,886.67,84.1169,REF,-3.61108541,0.0006759685,-2.58834009,1.55301722
"2,3-dihydropyran",348.15,1.62539208,3.23819035,891.42,84.1169,REF,-3.83836497,0.0004006113,-2.81324362,1.61279827
"2,3-dihydropyran",343.15,1.3658688,3.03940847,896.21,84.1169,REF,-4.07287949,0.0002334829,-3.0453991,1.67353967
"2,3-dihydropyran",338.15,1.10057361,2.83590017,901.03,84.1169,REF,-4.31500492,0.000133708,-3.28517459,1.7353265599999999
"2,3-dihydropyran",333.15,0.82944309,2.62762004,905.89,84.1169,REF,-4.56509577,7.51766e-05,-3.53291955,1.79817695
"2,3-dihydropyran",328.15,0.55242703,2.41448441,910.78,84.1169,REF,-4.82349386,4.14662e-05,-3.78897264,1.86205738
"2,3-dihydropyran",323.15,0.26948871,2.19638356,915.7,84.1169,REF,-5.09053543,2.24211e-05,-4.05366813,1.92689485
"2,3-dihydropyran",318.15,-0.01939498,1.97319118,920.66,84.1169,REF,-5.36655707,1.18751e-05,-4.32734143,1.9925861599999999
"2,3-dihydropyran",313.15,-0.31423366,1.74477144,925.66,84.1169,REF,-5.6519009,6.155972e-06,-4.61033394,2.0590051000000003
"2,3-dihydropyran",308.15,-0.6150239,1.51098452,930.69,84.1169,REF,-5.94691908,3.120896e-06,-4.90299742,2.12600842
"2,3-dihydropyran",303.15,-0.92174984,1.27169072,935.76,84.1169,REF,-6.25197815,1.54604e-06,-5.20569817,2.19344056
"2,3-dihydropyran",298.15,-1.23438398,1.02675355,940.86,84.1169,REF,-6.56746309,7.477147e-07,-5.51882105,2.26113753
dimethylformamide,403.15,4.12814181,3.44557517,801.05,73.0941,REF,-0.76052891,0.400307068,0.18254424,-0.6825666399999997
dimethylformamide,398.15,3.9249904,3.14047133,805.29,73.0941,REF,-0.83469308,0.352654044,0.12445728,-0.78451907
dimethylformamide,393.15,3.71738099,2.83081867,809.57,73.0941,REF,-0.91069318,0.307989606,0.06300656,-0.8865623199999999
dimethylformamide,388.15,3.50516833,2.51741572,813.88,73.0941,REF,-0.98913154,0.2663890583,-0.0022513,-0.9877526100000003
dimethylformamide,383.15,3.28820878,2.20098727,818.22,73.0941,REF,-1.07059897,0.2279435861,-0.07178114,-1.08722151
dimethylformamide,378.15,3.06636144,1.88219938,822.59,73.0941,REF,-1.15568197,0.1927464731,-0.146067,-1.18416206
dimethylformamide,373.15,2.83948933,1.56164747,826.99,73.0941,REF,-1.24495486,0.1608816856,-0.22559753,-1.27784186
dimethylformamide,368.15,2.6074606,1.23983576,831.43,73.0941,REF,-1.33896593,0.1324090915,-0.31084626,-1.36762484
dimethylformamide,363.15,2.37014979,0.917157,835.9,73.0941,REF,-1.43822276,0.1073467402,-0.40225128,-1.4529927900000001
dimethylformamide,358.15,2.12743908,0.59382889,840.4,73.0941,REF,-1.54314977,0.0856592985,-0.50016931,-1.5336101899999997
dimethylformamide,353.15,1.87921951,0.26990847,844.94,73.0941,REF,-1.65409055,0.067238791,-0.60487304,-1.60931104
dimethylformamide,348.15,1.62539208,-0.05474925,849.51,73.0941,REF,-1.77127533,0.0519032011,-0.7165176,-1.6801413299999999
dimethylformamide,343.15,1.3658688,-0.38049371,854.12,73.0941,REF,-1.89481052,0.0394004028,-0.83512976,-1.74636251
dimethylformamide,338.15,1.10057361,-0.70783273,858.76,73.0941,REF,-2.0246988,0.0294208078,-0.96062926,-1.8084063400000001
dimethylformamide,333.15,0.82944309,-1.03740617,863.43,73.0941,REF,-2.16084805,0.0216206337,-1.09284097,-1.86684926
dimethylformamide,328.15,0.55242703,-1.36991064,868.14,73.0941,REF,-2.30311399,0.0156460189,-1.23154065,-1.92233767
dimethylformamide,323.15,0.26948871,-1.70605062,872.89,73.0941,REF,-2.45132892,0.0111567461,-1.3764871,-1.9755393300000001
dimethylformamide,318.15,-0.01939498,-2.04649203,877.67,73.0941,REF,-2.60533176,0.0078438137,-1.52745437,-2.02709705
dimethylformamide,313.15,-0.31423366,-2.39182525,882.48,73.0941,REF,-2.76499446,0.005439806,-1.68425934,-2.07759159
dimethylformamide,308.15,-0.6150239,-2.74255085,887.34,73.0941,REF,-2.93023506,0.0037226784,-1.84677495,-2.12752695
dimethylformamide,303.15,-0.92174984,-3.09907352,892.23,73.0941,REF,-3.10102639,0.0025143436,-2.0149381,-2.17732368
dimethylformamide,298.15,-1.23438398,-3.46170812,897.15,73.0941,REF,-3.27739676,0.0016761162,-2.18874932,-2.22732414
dimethylsulfoxide,403.15,4.12814181,3.31051974,1019.31,78.1342,REF,-0.68731606,0.4346365151,0.28497434,-0.8176220699999996
dimethylsulfoxide,398.15,3.9249904,2.9828594,1024.43,78.1342,REF,-0.7481795,0.3926101738,0.2425213,-0.9421309999999998
dimethylsulfoxide,393.15,3.71738099,2.64807376,1029.56,78.1342,REF,-0.80910833,0.3532676269,0.19840263,-1.0693072300000002
dimethylsulfoxide,388.15,3.50516833,2.30659513,1034.7,78.1342,REF,-0.87043027,0.316520319,0.15246543,-1.1985732000000002
dimethylsulfoxide,383.15,3.28820878,1.95878076,1039.86,78.1342,REF,-0.93244641,0.2822919458,0.10455214,-1.3294280200000002
dimethylsulfoxide,378.15,3.06636144,1.60494385,1045.04,78.1342,REF,-0.99544673,0.2505108224,0.05449356,-1.4614175900000002
dimethylsulfoxide,373.15,2.83948933,1.24537214,1050.22,78.1342,REF,-1.05971954,0.2211066373,0.0021047,-1.5941171900000002
dimethylsulfoxide,368.15,2.6074606,0.88036456,1055.43,78.1342,REF,-1.12557241,0.1940033547,-0.05283073,-1.7270960400000002
dimethylsulfoxide,363.15,2.37014979,0.51019196,1060.64,78.1342,REF,-1.1933091,0.169131269,-0.11053884,-1.8599578300000001
dimethylsulfoxide,358.15,2.12743908,0.13504142,1065.87,78.1342,REF,-1.26319457,0.1464351947,-0.17122087,-1.9923976599999997
dimethylsulfoxide,353.15,1.87921951,-0.24481317,1071.12,78.1342,REF,-1.33555701,0.1258374018,-0.23514219,-2.12403268
dimethylsulfoxide,348.15,1.62539208,-0.62917498,1076.37,78.1342,REF,-1.41068885,0.1072700191,-0.30254223,-2.25456706
dimethylsulfoxide,343.15,1.3658688,-1.01785657,1081.64,78.1342,REF,-1.48888656,0.0906578548,-0.37366798,-2.38372537
dimethylsulfoxide,338.15,1.10057361,-1.41069651,1086.92,78.1342,REF,-1.57043961,0.0759187832,-0.44876237,-2.51127012
dimethylsulfoxide,333.15,0.82944309,-1.80758795,1092.21,78.1342,REF,-1.65561079,0.0629640198,-0.52804395,-2.63703104
dimethylsulfoxide,328.15,0.55242703,-2.20846398,1097.52,78.1342,REF,-1.7446435,0.0516935935,-0.61171239,-2.76089101
dimethylsulfoxide,323.15,0.26948871,-2.61331374,1102.83,78.1342,REF,-1.83774914,0.0419967522,-0.69993548,-2.8828024500000002
dimethylsulfoxide,318.15,-0.01939498,-3.02217651,1108.15,78.1342,REF,-1.93510862,0.0337515728,-0.79285011,-3.00278153
dimethylsulfoxide,313.15,-0.31423366,-3.43516961,1113.48,78.1342,REF,-2.03685058,0.0268280179,-0.89054093,-3.12093595
dimethylsulfoxide,308.15,-0.6150239,-3.85244471,1118.83,78.1342,REF,-2.14307832,0.0210883176,-0.99306708,-3.2374208099999997
dimethylsulfoxide,303.15,-0.92174984,-4.27419488,1124.18,78.1342,REF,-2.25386317,0.0163918437,-1.10045647,-3.3524450399999997
dimethylsulfoxide,298.15,-1.23438398,-4.70064236,1129.54,78.1342,REF,-2.36925136,0.0125992118,-1.21271353,-3.4662583799999998
diphenylether,403.15,4.12814181,5.90843904,978.06,170.2083,REF,-2.09563474,0.0109193669,-1.33721615,1.7802972300000004
diphenylether,398.15,3.9249904,5.79289007,982.98,170.2083,REF,-2.29061242,0.0069771585,-1.52966403,1.8678996700000003
diphenylether,393.15,3.71738099,5.66932595,987.93,170.2083,REF,-2.48857212,0.0044260422,-1.72521969,1.95194496
diphenylether,388.15,3.50516833,5.53973616,992.89,170.2083,REF,-2.69083101,0.0027793807,-1.92515712,2.0345678300000003
diphenylether,383.15,3.28820878,5.4055063,997.87,170.2083,REF,-2.89842968,0.001723741,-2.13048919,2.1172975199999997
diphenylether,378.15,3.06636144,5.26761529,1002.87,170.2083,REF,-3.11222711,0.0010537859,-2.34205681,2.20125385
diphenylether,373.15,2.83948933,5.12675899,1007.89,170.2083,REF,-3.33296027,0.0006339689,-2.56058505,2.2872696599999998
diphenylether,368.15,2.6074606,4.98343032,1012.92,170.2083,REF,-3.56128263,0.0003747794,-2.78671955,2.37596972
diphenylether,363.15,2.37014979,4.83797557,1017.98,170.2083,REF,-3.79779155,0.0002174128,-3.02105259,2.46782578
diphenylether,358.15,2.12743908,4.69063382,1023.05,170.2083,REF,-4.04304769,0.0001236061,-3.26414152,2.5631947400000006
diphenylether,353.15,1.87921951,4.54156606,1028.14,170.2083,REF,-4.29758966,6.87867e-05,-3.51652287,2.66234655
diphenylether,348.15,1.62539208,4.39087595,1033.25,170.2083,REF,-4.56194474,3.74242e-05,-3.77872268,2.7654838699999997
diphenylether,343.15,1.3658688,4.23862548,1038.38,170.2083,REF,-4.8366374,1.98821e-05,-4.05126464,2.8727566799999993
diphenylether,338.15,1.10057361,4.08484625,1043.52,170.2083,REF,-5.1221958,1.03016e-05,-4.33467651,2.98427264
diphenylether,333.15,0.82944309,3.92954774,1048.68,170.2083,REF,-5.41915698,5.199293e-06,-4.62949512,3.1001046499999996
diphenylether,328.15,0.55242703,3.77272306,1053.86,170.2083,REF,-5.72807103,2.552881e-06,-4.93627047,3.22029603
diphenylether,323.15,0.26948871,3.61435296,1059.05,170.2083,REF,-6.04950459,1.217859e-06,-5.25556923,3.34486425
diphenylether,318.15,-0.01939498,3.45440848,1064.26,170.2083,REF,-6.3840439,5.637128e-07,-5.58797768,3.47380346
diphenylether,313.15,-0.31423366,3.29285255,1069.48,170.2083,REF,-6.73229758,2.528158e-07,-5.93410452,3.6070862100000003
diphenylether,308.15,-0.6150239,3.12964084,1074.72,170.2083,REF,-7.09489935,1.09699e-07,-6.29458356,3.74466474
diphenylether,303.15,-0.92174984,2.96472229,1079.98,170.2083,REF,-7.47251088,4.598233e-08,-6.67007659,3.88647213
diphenylether,298.15,-1.23438398,2.79803823,1085.25,170.2083,REF,-7.8658242,1.858993e-08,-7.06127573,4.03242221
dodecane,403.15,4.12814181,7.74110961,659.52,170.336,REF,-3.08911601,0.0011105328,-2.50114496,3.6129678
dodecane,398.15,3.9249904,7.62540383,663.1,170.336,REF,-3.29648384,0.0006889892,-2.70618179,3.70041343
dodecane,393.15,3.71738099,7.50737786,666.71,170.336,REF,-3.51031457,0.0004211267,-2.91766702,3.78999687
dodecane,388.15,3.50516833,7.38751983,670.35,170.336,REF,-3.73121457,0.0002532399,-3.1362094,3.8823514999999995
dodecane,383.15,3.28820878,7.26617743,674.02,170.336,REF,-3.95974085,0.0001496297,-3.36236748,3.9779686499999998
dodecane,378.15,3.06636144,7.14359785,677.73,170.336,REF,-4.19642021,8.67653e-05,-3.59666906,4.077236409999999
dodecane,373.15,2.83948933,7.01995664,681.46,170.336,REF,-4.44176344,4.93182e-05,-3.83962555,4.18046731
dodecane,368.15,2.6074606,6.89537804,685.23,170.336,REF,-4.69627555,2.74472e-05,-4.09174235,4.287917439999999
dodecane,363.15,2.37014979,6.76995006,689.04,170.336,REF,-4.96046374,1.49386e-05,-4.35352686,4.39980027
dodecane,358.15,2.12743908,6.64373528,692.87,170.336,REF,-5.23484334,7.942036e-06,-4.62549454,4.516296199999999
dodecane,353.15,1.87921951,6.51677873,696.75,170.336,REF,-5.51994253,4.119392e-06,-4.90817359,4.63755922
dodecane,348.15,1.62539208,6.3891134,700.65,170.336,REF,-5.81630602,2.081948e-06,-5.20210875,4.76372132
dodecane,343.15,1.3658688,6.26076425,704.6,170.336,REF,-6.12449813,1.023948e-06,-5.50786428,4.89489545
dodecane,338.15,1.10057361,6.1317509,708.57,170.336,REF,-6.4451054,4.894075e-07,-5.82602671,5.0311772900000005
dodecane,333.15,0.82944309,6.00208943,712.59,170.336,REF,-6.77873897,2.270059e-07,-6.15720712,5.17264634
dodecane,328.15,0.55242703,5.87179364,716.64,170.336,REF,-7.12603693,1.020326e-07,-6.50204353,5.319366609999999
dodecane,323.15,0.26948871,5.74087609,720.73,170.336,REF,-7.48766688,4.437202e-08,-6.86120348,5.47138738
dodecane,318.15,-0.01939498,5.60934744,724.85,170.336,REF,-7.86432772,1.864011e-08,-7.23538582,5.62874242
dodecane,313.15,-0.31423366,5.47721845,729.01,170.336,REF,-8.25675367,7.551312e-09,-7.6253247,5.79145211
dodecane,308.15,-0.6150239,5.34449904,733.21,170.336,REF,-8.66571673,2.944824e-09,-8.03179206,5.959522939999999
dodecane,303.15,-0.92174984,5.21119841,737.45,170.336,REF,-9.09203038,1.103432e-09,-8.4556013,6.13294825
dodecane,298.15,-1.23438398,5.07732519,741.73,170.336,REF,-9.53655369,3.96481e-10,-8.89761142,6.31170917
ethanol,403.15,4.12814181,3.82179313,684.85,46.0687,REF,-0.96447473,0.3803800596,0.11072801,-0.3063486799999997
ethanol,398.15,3.9249904,3.58195057,688.59,46.0687,REF,-1.07702215,0.3155070212,0.02080525,-0.34303982999999993
ethanol,393.15,3.71738099,3.34176607,692.36,46.0687,REF,-1.19472033,0.2559789951,-0.07753608,-0.3756149200000003
ethanol,388.15,3.50516833,3.10170062,696.18,46.0687,REF,-1.31810966,0.2029721475,-0.18454804,-0.40346771000000015
ethanol,383.15,3.28820878,2.86188003,700.02,46.0687,REF,-1.44756664,0.1572492119,-0.3003004,-0.42632875000000015
ethanol,378.15,3.06636144,2.62208797,703.91,46.0687,REF,-1.58328835,0.1190736337,-0.42466322,-0.44427347000000017
ethanol,373.15,2.83948933,2.38183124,707.83,46.0687,REF,-1.725318,0.0882078371,-0.5573386,-0.45765809000000024
ethanol,368.15,2.6074606,2.14041405,711.79,46.0687,REF,-1.87357783,0.0640061353,-0.69790836,-0.46704655000000006
ethanol,363.15,2.37014979,1.89703544,715.78,46.0687,REF,-2.02791865,0.0455614856,-0.84590029,-0.47311435000000013
ethanol,358.15,2.12743908,1.65088904,719.81,46.0687,REF,-2.18817498,0.031861366,-1.00085782,-0.4765500399999998
ethanol,353.15,1.87921951,1.40122731,723.89,46.0687,REF,-2.35420292,0.0219167032,-1.16238717,-0.4779922000000001
ethanol,348.15,1.62539208,1.14740324,728.0,46.0687,REF,-2.52590713,0.0148446566,-1.33018757,-0.47798883999999986
ethanol,343.15,1.3658688,0.88888245,732.15,46.0687,REF,-2.70325143,0.0099074546,-1.50406003,-0.4769863500000001
ethanol,338.15,1.10057361,0.62524107,736.34,46.0687,REF,-2.88626122,0.0065183865,-1.68390493,-0.47533254000000014
ethanol,333.15,0.82944309,0.35615353,740.57,46.0687,REF,-3.07501962,0.0042284622,-1.8697118,-0.47328956000000005
ethanol,328.15,0.55242703,0.08137715,744.85,46.0687,REF,-3.26966121,0.0027044127,-2.06154677,-0.47104988000000003
ethanol,323.15,0.26948871,-0.19926354,749.16,46.0687,REF,-3.47036526,0.001704973,-2.25953993,-0.46875225
ethanol,318.15,-0.01939498,-0.48589021,753.52,46.0687,REF,-3.67734989,0.0010591513,-2.46387475,-0.46649523
ethanol,313.15,-0.31423366,-0.77858216,757.92,46.0687,REF,-3.8908673,0.0006480132,-2.67477935,-0.4643485
ethanol,308.15,-0.6150239,-1.07738545,762.37,46.0687,REF,-4.1112004,0.0003902478,-2.89252018,-0.46236155
ethanol,303.15,-0.92174984,-1.38232011,766.86,46.0687,REF,-4.33866057,0.0002311723,-3.1173975,-0.46057026999999995
ethanol,298.15,-1.23438398,-1.69338575,771.4,46.0687,REF,-4.57358649,0.0001345995,-3.34974262,-0.45900177
ethylacetate,403.15,4.12814181,4.15628446,835.45,88.1056,REF,-1.14580076,0.1687423097,-0.20200221,0.02814265000000038
ethylacetate,398.15,3.9249904,3.97512899,839.88,88.1056,REF,-1.29283878,0.1240086716,-0.33750454,0.05013858999999998
ethylacetate,393.15,3.71738099,3.79124675,844.34,88.1056,REF,-1.44457916,0.0894713016,-0.48005108,0.07386575999999989
ethylacetate,388.15,3.50516833,3.60363091,848.83,88.1056,REF,-1.60071852,0.0635170607,-0.62883512,0.09846258000000008
ethylacetate,383.15,3.28820878,3.4115882,853.36,88.1056,REF,-1.76111556,0.0444440457,-0.7832788,0.12337942000000002
ethylacetate,378.15,3.06636144,3.2147005,857.92,88.1056,REF,-1.92577896,0.0306865207,-0.94303351,0.14833906000000008
ethylacetate,373.15,2.83948933,3.01274786,862.51,88.1056,REF,-2.09483163,0.0209204339,-1.10794174,0.17325853000000002
ethylacetate,368.15,2.6074606,2.80563752,867.14,88.1056,REF,-2.26847562,0.0140860565,-1.27799191,0.19817691999999987
ethylacetate,363.15,2.37014979,2.59334481,871.8,88.1056,REF,-2.44696121,0.0093666752,-1.45327502,0.2231950199999999
ethylacetate,358.15,2.12743908,2.37587582,876.5,88.1056,REF,-2.63056679,0.0061496635,-1.63395254,0.24843674000000027
ethylacetate,353.15,1.87921951,2.15324436,881.23,88.1056,REF,-2.81958583,0.003984903,-1.82023331,0.27402485
ethylacetate,348.15,1.62539208,1.92545959,886.0,88.1056,REF,-3.01431944,0.0025472555,-2.01235787,0.3000675100000001
ethylacetate,343.15,1.3658688,1.69251991,890.81,88.1056,REF,-3.21507245,0.0016053649,-2.21058821,0.3266511099999998
ethylacetate,338.15,1.10057361,1.45441187,895.65,88.1056,REF,-3.42215233,0.0009969148,-2.41520184,0.35383825999999985
ethylacetate,333.15,0.82944309,1.21111019,900.53,88.1056,REF,-3.63586897,0.0006096013,-2.62648797,0.38166710000000004
ethylacetate,328.15,0.55242703,0.96257953,905.44,88.1056,REF,-3.85653566,0.0003668129,-2.84474576,0.4101524999999999
ethylacetate,323.15,0.26948871,0.70877654,910.4,88.1056,REF,-4.0844705,0.0002170452,-3.07028385,0.43928783
ethylacetate,318.15,-0.01939498,0.44965182,915.39,88.1056,REF,-4.31999812,0.0001261964,-3.30342057,0.4690468
ethylacetate,313.15,-0.31423366,0.18515174,920.41,88.1056,REF,-4.5634515,7.20457e-05,-3.54448479,0.49938540000000003
ethylacetate,308.15,-0.6150239,-0.08478019,925.48,88.1056,REF,-4.81517396,4.03547e-05,-3.79381719,0.5302437099999999
ethylacetate,303.15,-0.92174984,-0.36020224,930.59,88.1056,REF,-5.0755212,2.21591e-05,-4.05177182,0.5615476
ethylacetate,298.15,-1.23438398,-0.64117384,935.73,88.1056,REF,-5.34486342,1.19183e-05,-4.31871783,0.59321014
glycol,403.15,4.12814181,4.29396103,945.7,62.0681,REF,-1.22043452,0.1933798282,-0.09588025,0.16581922000000038
glycol,398.15,3.9249904,4.10793301,950.5,62.0681,REF,-1.36573524,0.1442027553,-0.22318371,0.18294261
glycol,393.15,3.71738099,3.91364304,955.33,62.0681,REF,-1.51261722,0.1060388466,-0.35608813,0.19626205000000008
glycol,388.15,3.50516833,3.71147937,960.17,62.0681,REF,-1.66144195,0.0770094378,-0.49401944,0.2063110400000001
glycol,383.15,3.28820878,3.50187028,965.04,62.0681,REF,-1.8126117,0.0552890809,-0.63662853,0.21366149999999973
glycol,378.15,3.06636144,3.28519222,969.92,62.0681,REF,-1.96651849,0.039265876,-0.78372067,0.21883077999999978
glycol,373.15,2.83948933,3.06174036,974.83,62.0681,REF,-2.12352544,0.0275941081,-0.93520843,0.2222510299999998
glycol,368.15,2.6074606,2.83172613,979.76,62.0681,REF,-2.28396265,0.0191911139,-1.09107987,0.22426552999999982
glycol,363.15,2.37014979,2.5952885,984.71,62.0681,REF,-2.44813093,0.0132086605,-1.25137852,0.22513870999999996
glycol,358.15,2.12743908,2.35250856,989.68,62.0681,REF,-2.61630793,0.0089956722,-1.41619011,0.22506948000000015
glycol,353.15,1.87921951,2.10342379,994.67,62.0681,REF,-2.78875455,0.0060607485,-1.58563354,0.22420427999999992
glycol,348.15,1.62539208,1.84804107,999.67,62.0681,REF,-2.96572122,0.0040383657,-1.75985506,0.22264899000000016
glycol,343.15,1.3658688,1.58634722,1004.7,62.0681,REF,-3.14745313,0.0026601947,-1.93902416,0.22047841999999984
glycol,338.15,1.10057361,1.31831769,1009.75,62.0681,REF,-3.33419498,0.0017316797,-2.12333098,0.2177440799999999
glycol,333.15,0.82944309,1.04392336,1014.82,62.0681,REF,-3.52619484,0.0011134345,-2.31298469,0.21448026999999992
glycol,328.15,0.55242703,0.76313578,1019.91,62.0681,REF,-3.72370756,0.0007067755,-2.50821273,0.21070875
glycol,323.15,0.26948871,0.47593102,1025.01,62.0681,REF,-3.92699766,0.0004426653,-2.70926049,0.20644230999999996
glycol,318.15,-0.01939498,0.18229235,1030.14,62.0681,REF,-4.13634193,0.0002733916,-2.91639157,0.20168733
glycol,313.15,-0.31423366,-0.11778789,1035.28,62.0681,REF,-4.35203172,0.0001663908,-3.12988838,0.19644577000000002
glycol,308.15,-0.6150239,-0.42430735,1040.44,62.0681,REF,-4.57437518,9.97257e-05,-3.35005305,0.19071654999999993
glycol,303.15,-0.92174984,-0.73725316,1045.62,62.0681,REF,-4.80369934,5.88161e-05,-3.57720867,0.18449668000000008
glycol,298.15,-1.23438398,-1.05660213,1050.82,62.0681,REF,-5.04035227,3.41076e-05,-3.81170075,0.17778185000000013
n-heptane,403.15,4.12814181,7.72918722,601.86,100.2026,REF,-3.08265295,0.0019145971,-2.30415746,3.6010454100000002
n-heptane,398.15,3.9249904,7.61698232,605.19,100.2026,REF,-3.29186125,0.0011831775,-2.51092547,3.69199192
n-heptane,393.15,3.71738099,7.50146259,608.55,100.2026,REF,-3.50702637,0.0007211057,-2.72365621,3.7840816
n-heptane,388.15,3.50516833,7.38343342,611.94,100.2026,REF,-3.72891374,0.000432696,-2.94310903,3.87826509
n-heptane,383.15,3.28820878,7.26345875,615.37,100.2026,REF,-3.95819014,0.0002552409,-3.16994669,3.9752499699999997
n-heptane,378.15,3.06636144,7.14193442,618.84,100.2026,REF,-4.19545886,0.0001478115,-3.4047698,4.0755729800000005
n-heptane,373.15,2.83948933,7.01913769,622.34,100.2026,REF,-4.4412838,8.39265e-05,-3.64814049,4.17964836
n-heptane,368.15,2.6074606,6.8952624,625.88,100.2026,REF,-4.69620691,4.66643e-05,-3.90059954,4.2878018
n-heptane,363.15,2.37014979,6.77044354,629.45,100.2026,REF,-4.96076072,2.53768e-05,-4.1626787,4.4002937499999994
n-heptane,358.15,2.12743908,6.6447751,633.06,100.2026,REF,-5.23547784,1.3481e-05,-4.43491002,4.51733602
n-heptane,353.15,1.87921951,6.51832273,636.71,100.2026,REF,-5.52089803,6.987208e-06,-4.71783291,4.639103220000001
n-heptane,348.15,1.62539208,6.39113278,640.4,100.2026,REF,-5.81757366,3.528815e-06,-5.01199945,4.7657407
n-heptane,343.15,1.3658688,6.26323865,644.13,100.2026,REF,-6.12607402,1.734319e-06,-5.31797873,4.89736985
n-heptane,338.15,1.10057361,6.13466516,647.9,100.2026,REF,-6.44698888,8.28351e-07,-5.63636033,5.034091549999999
n-heptane,333.15,0.82944309,6.00543148,651.71,100.2026,REF,-6.78093135,3.839477e-07,-5.96775723,5.1759883900000005
n-heptane,328.15,0.55242703,5.87555315,655.56,100.2026,REF,-7.12854074,1.724498e-07,-6.31280857,5.3231261199999995
n-heptane,323.15,0.26948871,5.7450438,659.45,100.2026,REF,-7.4904855,7.494073e-08,-6.67218266,5.47555509
n-heptane,318.15,-0.01939498,5.61391411,663.38,100.2026,REF,-7.86746468,3.145855e-08,-7.04657843,5.63330909
n-heptane,313.15,-0.31423366,5.48217507,667.36,100.2026,REF,-8.26021286,1.273475e-08,-7.4367303,5.7964087300000005
n-heptane,308.15,-0.6150239,5.34983651,671.38,100.2026,REF,-8.66950217,4.962509e-09,-7.84341026,5.96486041
n-heptane,303.15,-0.92174984,5.21690736,675.45,100.2026,REF,-9.09614605,1.85805e-09,-8.26743163,6.138657200000001
n-heptane,298.15,-1.23438398,5.08339588,679.56,100.2026,REF,-9.54100354,6.671138e-10,-8.70965328,6.31777986
hexane,403.15,4.12814181,7.70985598,581.05,86.1759,REF,-3.07217358,0.0022798151,-2.24353248,3.5817141700000006
hexane,398.15,3.9249904,7.59935436,584.28,86.1759,REF,-3.28218522,0.0014064583,-2.45106414,3.6743639600000004
hexane,393.15,3.71738099,7.4851176,587.55,86.1759,REF,-3.49794047,0.0008560952,-2.66435321,3.7677366099999996
hexane,388.15,3.50516833,7.3680886,590.85,86.1759,REF,-3.72027394,0.0005131949,-2.88422494,3.86292027
hexane,383.15,3.28820878,7.2489234,594.19,86.1759,REF,-3.9498993,0.0003024924,-3.11138683,3.9607146199999996
hexane,378.15,3.06636144,7.12808032,597.56,86.1759,REF,-4.18745211,0.0001750639,-3.34647038,4.061718879999999
hexane,373.15,2.83948933,7.00587913,600.97,86.1759,REF,-4.43351856,9.93461e-05,-3.59005912,4.1663898
hexane,368.15,2.6074606,6.88254262,604.42,86.1759,REF,-4.68865604,5.5211e-05,-3.84270868,4.275082019999999
hexane,363.15,2.37014979,6.75822523,607.9,86.1759,REF,-4.95340768,3.0011e-05,-4.10496105,4.38807544
hexane,358.15,2.12743908,6.63303395,611.43,86.1759,REF,-5.22831332,1.5936e-05,-4.37735528,4.5055948699999995
hexane,353.15,1.87921951,6.50704299,614.99,86.1759,REF,-5.51391761,8.256132e-06,-4.6604355,4.62782348
hexane,348.15,1.62539208,6.38030424,618.59,86.1759,REF,-5.81077621,4.167918e-06,-4.95475701,4.75491216
hexane,343.15,1.3658688,6.2528546,622.24,86.1759,REF,-6.11946062,2.047554e-06,-5.26089102,4.8869858
hexane,338.15,1.10057361,6.12472112,625.92,86.1759,REF,-6.44056207,9.775391e-07,-5.57942852,5.024147510000001
hexane,333.15,0.82944309,5.99592428,629.65,86.1759,REF,-6.77469465,4.528994e-07,-5.91098343,5.16648119
hexane,328.15,0.55242703,5.86648042,633.42,86.1759,REF,-7.12249837,2.033284e-07,-6.25619556,5.31405339
hexane,323.15,0.26948871,5.73640366,637.23,86.1759,REF,-7.48464219,8.831903e-08,-6.61573372,5.46691495
hexane,318.15,-0.01939498,5.60570476,641.08,86.1759,REF,-7.86182547,3.705706e-08,-6.99029709,5.6250997400000005
hexane,313.15,-0.31423366,5.4743949,644.98,86.1759,REF,-8.25478313,1.499386e-08,-7.38062043,5.78862856
hexane,308.15,-0.6150239,5.34248395,648.93,86.1759,REF,-8.6642876,5.839947e-09,-7.78747599,5.95750785
hexane,303.15,-0.92174984,5.20998082,652.92,86.1759,REF,-9.0911526,2.185465e-09,-8.21167734,6.1317306600000006
hexane,298.15,-1.23438398,5.07689372,656.96,86.1759,REF,-9.53623742,7.842582e-10,-8.65408358,6.3112777
isopropylamine,403.15,4.12814181,1.9668258,639.37,59.1106,REF,0.0,,0.0,-2.1613160099999997
isopropylamine,398.15,3.9249904,3.09266592,642.86,59.1106,REF,-0.80845257,0.4197252079,0.1421341,-0.83232448
isopropylamine,393.15,3.71738099,2.74228247,646.38,59.1106,REF,-0.86147739,0.3853436528,0.10046317,-0.97509852
isopropylamine,388.15,3.50516833,2.38045376,649.93,59.1106,REF,-0.91201593,0.3541907658,0.060052,-1.12471457
isopropylamine,383.15,3.28820878,2.00749504,653.51,59.1106,REF,-0.96023262,0.3260184493,0.02093223,-1.2807137400000004
isopropylamine,378.15,3.06636144,1.62382948,657.13,59.1106,REF,-1.00636136,0.3005268765,-0.01695762,-1.4425319600000002
isopropylamine,373.15,2.83948933,1.22968697,660.78,59.1106,REF,-1.05053309,0.2774760731,-0.05361744,-1.6098023600000002
isopropylamine,368.15,2.6074606,0.82525333,664.46,59.1106,REF,-1.09285663,0.2566408364,-0.08904806,-1.78220727
isopropylamine,363.15,2.37014979,0.41065814,668.18,59.1106,REF,-1.13340914,0.2378183134,-0.12323836,-1.9594916500000001
isopropylamine,358.15,2.12743908,-0.01395321,671.94,59.1106,REF,-1.17227705,0.2208107125,-0.15619883,-2.1413922899999998
isopropylamine,353.15,1.87921951,-0.44861634,675.72,59.1106,REF,-1.20943419,0.2054781527,-0.18784785,-2.32783585
isopropylamine,348.15,1.62539208,-0.89315051,679.55,59.1106,REF,-1.24498248,0.1916364232,-0.2182293,-2.51854259
isopropylamine,343.15,1.3658688,-1.34761806,683.41,59.1106,REF,-1.2788679,0.1791740748,-0.24725086,-2.71348686
isopropylamine,338.15,1.10057361,-1.81190183,687.31,59.1106,REF,-1.31114157,0.1679486405,-0.274923,-2.91247544
isopropylamine,333.15,0.82944309,-2.28600925,691.24,59.1106,REF,-1.34176766,0.1578588969,-0.30118036,-3.11545234
isopropylamine,328.15,0.55242703,-2.76986546,695.21,59.1106,REF,-1.37075415,0.148797399,-0.32600254,-3.32229249
isopropylamine,323.15,0.26948871,-3.26334963,699.22,59.1106,REF,-1.39813148,0.1406602726,-0.34939419,-3.53283834
isopropylamine,318.15,-0.01939498,-3.76640389,703.27,59.1106,REF,-1.42387942,0.133368477,-0.37131545,-3.74700891
isopropylamine,313.15,-0.31423366,-4.27889529,707.36,59.1106,REF,-1.4480194,0.1268394536,-0.39176864,-3.96466163
isopropylamine,308.15,-0.6150239,-4.80065811,711.49,59.1106,REF,-1.47058827,0.1209957857,-0.41077334,-4.18563421
isopropylamine,303.15,-0.92174984,-5.33151284,715.66,59.1106,REF,-1.49162624,0.1157680794,-0.42835477,-4.409763
isopropylamine,298.15,-1.23438398,-5.87124449,719.87,59.1106,REF,-1.51119376,0.1110902361,-0.44455951,-4.63686051
methanol,403.15,4.12814181,3.84507545,663.69,32.042,REF,-0.97709596,0.4607330339,0.19923618,-0.28306635999999985
methanol,398.15,3.9249904,3.60374258,667.37,32.042,REF,-1.08898384,0.3913991703,0.11772491,-0.32124781999999996
methanol,393.15,3.71738099,3.36086839,671.08,32.042,REF,-1.20533899,0.3251979954,0.02754785,-0.3565126000000003
methanol,388.15,3.50516833,3.11723827,674.83,32.042,REF,-1.32685805,0.2638825332,-0.07167964,-0.38793005999999997
methanol,383.15,3.28820878,2.87340407,678.61,32.042,REF,-1.45413986,0.2089204818,-0.18021607,-0.4148047100000003
methanol,378.15,3.06636144,2.62960115,682.44,32.042,REF,-1.58763047,0.1613238215,-0.29813785,-0.43676029000000005
methanol,373.15,2.83948933,2.38570202,686.31,32.042,REF,-1.72758503,0.1215374863,-0.42530415,-0.45378731000000005
methanol,368.15,2.6074606,2.14126218,690.22,32.042,REF,-1.87408131,0.0894214715,-0.56137941,-0.46619842
methanol,363.15,2.37014979,1.89558812,694.17,32.042,REF,-2.02704764,0.0643472482,-0.70587983,-0.47456167000000016
methanol,358.15,2.12743908,1.64784587,698.16,32.042,REF,-2.18631802,0.0453648494,-0.85824914,-0.47959320999999977
methanol,353.15,1.87921951,1.39718038,702.19,32.042,REF,-2.3516985,0.0313871095,-1.0179431,-0.48203913
methanol,348.15,1.62539208,1.14279588,706.27,32.042,REF,-2.52301494,0.0213443203,-1.18448895,-0.4825961999999999
methanol,343.15,1.3658688,0.8840081,710.39,32.042,REF,-2.70014705,0.0142835114,-1.35752309,-0.48186070000000014
methanol,338.15,1.10057361,0.6202601,714.55,32.042,REF,-2.88304203,0.0094141666,-1.53680207,-0.4803135100000001
methanol,333.15,0.82944309,0.35111954,718.76,32.042,REF,-3.07171733,0.0061143507,-1.72219874,-0.47832355000000004
methanol,328.15,0.55242703,0.07626364,723.02,32.042,REF,-3.26625565,0.0039141669,-1.91368906,-0.4761633900000001
methanol,323.15,0.26948871,-0.20453948,727.32,32.042,REF,-3.46679716,0.0024696768,-2.11133622,-0.47402819
methanol,318.15,-0.01939498,-0.49144922,731.67,32.042,REF,-3.67353126,0.0015355232,-2.31527513,-0.47205424
methanol,313.15,-0.31423366,-0.78456824,736.07,32.042,REF,-3.88668965,0.0009404182,-2.52569964,-0.47033458
methanol,308.15,-0.6150239,-1.0839554,740.51,32.042,REF,-4.10654088,0.0005670348,-2.74285238,-0.46893150000000006
methanol,303.15,-0.92174984,-1.38963585,745.01,32.042,REF,-4.33338653,0.0003363957,-2.96701747,-0.46788600999999985
methanol,298.15,-1.23438398,-1.70160891,749.56,32.042,REF,-4.56755886,0.0001962143,-3.19851555,-0.46722493
methanol,403.15,4.12814181,3.84507545,663.69,32.042,REF,-0.97709596,0.4607330339,0.19923618,-0.28306635999999985
methanol,398.15,3.9249904,3.60374258,667.37,32.042,REF,-1.08898384,0.3913991703,0.11772491,-0.32124781999999996
methanol,393.15,3.71738099,3.36086839,671.08,32.042,REF,-1.20533899,0.3251979954,0.02754785,-0.3565126000000003
methanol,388.15,3.50516833,3.11723827,674.83,32.042,REF,-1.32685805,0.2638825332,-0.07167964,-0.38793005999999997
methanol,383.15,3.28820878,2.87340407,678.61,32.042,REF,-1.45413986,0.2089204818,-0.18021607,-0.4148047100000003
methanol,378.15,3.06636144,2.62960115,682.44,32.042,REF,-1.58763047,0.1613238215,-0.29813785,-0.43676029000000005
methanol,373.15,2.83948933,2.38570202,686.31,32.042,REF,-1.72758503,0.1215374863,-0.42530415,-0.45378731000000005
methanol,368.15,2.6074606,2.14126218,690.22,32.042,REF,-1.87408131,0.0894214715,-0.56137941,-0.46619842
methanol,363.15,2.37014979,1.89558812,694.17,32.042,REF,-2.02704764,0.0643472482,-0.70587983,-0.47456167000000016
methanol,358.15,2.12743908,1.64784587,698.16,32.042,REF,-2.18631802,0.0453648494,-0.85824914,-0.47959320999999977
methanol,353.15,1.87921951,1.39718038,702.19,32.042,REF,-2.3516985,0.0313871095,-1.0179431,-0.48203913
methanol,348.15,1.62539208,1.14279588,706.27,32.042,REF,-2.52301494,0.0213443203,-1.18448895,-0.4825961999999999
methanol,343.15,1.3658688,0.8840081,710.39,32.042,REF,-2.70014705,0.0142835114,-1.35752309,-0.48186070000000014
methanol,338.15,1.10057361,0.6202601,714.55,32.042,REF,-2.88304203,0.0094141666,-1.53680207,-0.4803135100000001
methanol,333.15,0.82944309,0.35111954,718.76,32.042,REF,-3.07171733,0.0061143507,-1.72219874,-0.47832355000000004
methanol,328.15,0.55242703,0.07626364,723.02,32.042,REF,-3.26625565,0.0039141669,-1.91368906,-0.4761633900000001
methanol,323.15,0.26948871,-0.20453948,727.32,32.042,REF,-3.46679716,0.0024696768,-2.11133622,-0.47402819
methanol,318.15,-0.01939498,-0.49144922,731.67,32.042,REF,-3.67353126,0.0015355232,-2.31527513,-0.47205424
methanol,313.15,-0.31423366,-0.78456824,736.07,32.042,REF,-3.88668965,0.0009404182,-2.52569964,-0.47033458
methanol,308.15,-0.6150239,-1.0839554,740.51,32.042,REF,-4.10654088,0.0005670348,-2.74285238,-0.46893150000000006
methanol,303.15,-0.92174984,-1.38963585,745.01,32.042,REF,-4.33338653,0.0003363957,-2.96701747,-0.46788600999999985
methanol,298.15,-1.23438398,-1.70160891,749.56,32.042,REF,-4.56755886,0.0001962143,-3.19851555,-0.46722493
methylacetate,403.15,4.12814181,4.05870941,840.34,74.0789,REF,-1.09290583,0.2159636138,-0.08849736,-0.06943240000000017
methylacetate,398.15,3.9249904,3.86998281,844.8,74.0789,REF,-1.23512378,0.162322768,-0.21495223,-0.05500758999999977
methylacetate,393.15,3.71738099,3.68169263,849.3,74.0789,REF,-1.38367985,0.1191136026,-0.35084999,-0.035688359999999975
methylacetate,388.15,3.50516833,3.49250561,853.84,74.0789,REF,-1.53815008,0.0855396176,-0.49524624,-0.012662720000000238
methylacetate,383.15,3.28820878,3.3011932,858.41,74.0789,REF,-1.69814718,0.0602613328,-0.64723462,0.012984419999999997
methylacetate,378.15,3.06636144,3.1067796,863.01,74.0789,REF,-1.86340786,0.0417308203,-0.80607951,0.04041815999999976
methylacetate,373.15,2.83948933,2.90857221,867.65,74.0789,REF,-2.03381831,0.028449297,-0.97126721,0.06908287999999985
methylacetate,368.15,2.6074606,2.7061213,872.33,74.0789,REF,-2.20939963,0.0191116372,-1.1424982,0.09866069999999993
methylacetate,363.15,2.37014979,2.49915559,877.04,74.0789,REF,-2.39027765,0.0126575586,-1.31965121,0.12900579999999984
methylacetate,358.15,2.12743908,2.28752102,881.79,74.0789,REF,-2.5766521,0.0082657823,-1.50274104,0.16008193999999998
methylacetate,353.15,1.87921951,2.07113332,886.58,74.0789,REF,-2.76877172,0.0053215644,-1.69188111,0.19191380999999996
methylacetate,348.15,1.62539208,1.84994525,891.41,74.0789,REF,-2.96691653,0.0033765375,-1.88725415,0.22455317000000008
methylacetate,343.15,1.3658688,1.6239258,896.27,74.0789,REF,-3.17138619,0.0021104601,-2.08909097,0.258057
methylacetate,338.15,1.10057361,1.39304783,901.17,74.0789,REF,-3.3824929,0.001298706,-2.29765572,0.2924742199999999
methylacetate,333.15,0.82944309,1.1572818,906.12,74.0789,REF,-3.60055769,0.0007863171,-2.51323643,0.32783871
methylacetate,328.15,0.55242703,0.91659263,911.1,74.0789,REF,-3.82590871,0.0004681024,-2.73613885,0.3641656
methylacetate,323.15,0.26948871,0.67093886,916.12,74.0789,REF,-4.05888098,0.0002737954,-2.96668303,0.40145015
methylacetate,318.15,-0.01939498,0.42027305,921.18,74.0789,REF,-4.29981708,0.000157226,-3.20520173,0.43966803
methylacetate,313.15,-0.31423366,0.16454255,926.28,74.0789,REF,-4.54906848,8.85714e-05,-3.45204005,0.47877621000000004
methylacetate,308.15,-0.6150239,-0.09630948,931.42,74.0789,REF,-4.80699718,4.89076e-05,-3.70755594,0.51871442
methylacetate,303.15,-0.92174984,-0.36234324,936.6,74.0789,REF,-5.07397772,2.64486e-05,-3.97212138,0.5594066
methylacetate,298.15,-1.23438398,-0.63362159,941.83,74.0789,REF,-5.35039926,1.39954e-05,-4.24612399,0.6007623900000001
butanone,403.15,4.12814181,3.92467163,716.5,72.1061,REF,-1.02024464,0.2537104312,-0.07044836,-0.2034701799999996
butanone,398.15,3.9249904,3.70699132,720.38,72.1061,REF,-1.14565733,0.1987994414,-0.18212535,-0.2179990799999998
butanone,393.15,3.71738099,3.48945627,724.29,72.1061,REF,-1.27681886,0.1524256693,-0.30184673,-0.2279247200000003
butanone,388.15,3.50516833,3.27164125,728.23,72.1061,REF,-1.41379372,0.1144487161,-0.42935236,-0.23352708
butanone,383.15,3.28820878,3.05287372,732.2,72.1061,REF,-1.55650784,0.0842567707,-0.5642463,-0.23533506000000015
butanone,378.15,3.06636144,2.83236446,736.21,72.1061,REF,-1.70481417,0.0609060823,-0.70607454,-0.23399698000000013
butanone,373.15,2.83948933,2.60932116,740.26,72.1061,REF,-1.85855372,0.0432906026,-0.8543988,-0.23016817000000023
butanone,368.15,2.6074606,2.3830221,744.34,72.1061,REF,-2.01759767,0.0302931048,-1.00884787,-0.2244385000000002
butanone,363.15,2.37014979,2.15285333,748.46,72.1061,REF,-2.18187117,0.0208899374,-1.16914515,-0.21729646000000002
butanone,358.15,2.12743908,1.91831457,752.61,72.1061,REF,-2.35135984,0.0142060979,-1.33511438,-0.20912450999999987
butanone,353.15,1.87921951,1.67900885,756.81,72.1061,REF,-2.52610698,0.0095310205,-1.50667273,-0.20021065999999998
butanone,348.15,1.62539208,1.4346244,761.04,72.1061,REF,-2.70620557,0.0063097315,-1.68381736,-0.19076768
butanone,343.15,1.3658688,1.18491585,765.3,72.1061,REF,-2.89178932,0.0041217798,-1.86661068,-0.18095295
butanone,338.15,1.10057361,0.92968772,769.61,72.1061,REF,-3.08302436,0.0026563767,-2.05516669,-0.1708858900000001
butanone,333.15,0.82944309,0.66878111,773.95,72.1061,REF,-3.2801025,0.001688503,-2.24963975,-0.1606619800000001
butanone,328.15,0.55242703,0.40206361,778.34,72.1061,REF,-3.48323609,0.0010581743,-2.45021568,-0.15036342000000003
butanone,323.15,0.26948871,0.129422,782.76,72.1061,REF,-3.69265448,0.0006535218,-2.65710526,-0.14006671
butanone,318.15,-0.01939498,-0.149243,787.23,72.1061,REF,-3.90860164,0.000397548,-2.87053972,-0.12984801999999998
butanone,313.15,-0.31423366,-0.43402029,791.73,72.1061,REF,-4.131335,0.0002380697,-3.09076779,-0.11978662999999995
butanone,308.15,-0.6150239,-0.72499094,796.28,72.1061,REF,-4.36112495,0.0001402631,-3.31805406,-0.10996704000000002
butanone,303.15,-0.92174984,-1.02222986,800.87,72.1061,REF,-4.59825521,8.12514e-05,-3.5526784,-0.10048001999999989
butanone,298.15,-1.23438398,-1.32580701,805.5,72.1061,REF,-4.84302366,4.62459e-05,-3.79493616,-0.09142302999999985
ch2cl2,403.15,4.12814181,4.06443548,1167.19,84.9331,REF,-1.0960099,0.1924993153,-0.02419852,-0.06370632999999959
ch2cl2,398.15,3.9249904,3.90444035,1173.38,84.9331,REF,-1.2540376,0.1389594242,-0.16079313,-0.02055005000000021
ch2cl2,393.15,3.71738099,3.7528568,1179.62,84.9331,REF,-1.42323883,0.0968768035,-0.31305759,0.035475809999999885
ch2cl2,388.15,3.50516833,3.60463194,1185.9,84.9331,REF,-1.60128214,0.0656519383,-0.4781515,0.09946360999999992
ch2cl2,383.15,3.28820878,3.45494356,1192.22,84.9331,REF,-1.78584509,0.0435504487,-0.65297557,0.16673477999999964
ch2cl2,378.15,3.06636144,3.30056349,1198.59,84.9331,REF,-1.97540206,0.0284249985,-0.83518185,0.23420204999999994
ch2cl2,373.15,2.83948933,3.13997523,1205.01,84.9331,REF,-2.16934583,0.0183057154,-1.02345815,0.3004859
ch2cl2,368.15,2.6074606,2.97282897,1211.47,84.9331,REF,-2.36772577,0.0116428721,-1.21731875,0.3653683700000001
ch2cl2,363.15,2.37014979,2.79938503,1217.98,84.9331,REF,-2.57095727,0.0073118812,-1.4167988,0.4292352399999997
ch2cl2,358.15,2.12743908,2.62014671,1224.53,84.9331,REF,-2.77962253,0.0045303642,-1.62221936,0.4927076300000004
ch2cl2,353.15,1.87921951,2.43565888,1231.13,84.9331,REF,-2.99435698,0.0027662145,-1.83403961,0.5564393700000001
ch2cl2,348.15,1.62539208,2.2464176,1237.78,84.9331,REF,-3.21579565,0.001662462,-2.05277691,0.6210255200000001
ch2cl2,343.15,1.3658688,2.052838,1244.47,84.9331,REF,-3.44455201,0.0009821616,-2.27896684,0.6869691999999998
ch2cl2,338.15,1.10057361,1.85524811,1251.22,84.9331,REF,-3.68121184,0.0005696877,-2.51314409,0.7546744999999999
ch2cl2,333.15,0.82944309,1.65389656,1258.01,84.9331,REF,-3.92633569,0.0003240266,-2.75583606,0.8244534699999999
ch2cl2,328.15,0.55242703,1.44896421,1264.85,84.9331,REF,-4.18046436,0.000180506,-3.00756233,0.8965371799999999
ch2cl2,323.15,0.26948871,1.24057729,1271.74,84.9331,REF,-4.44412603,9.83677e-05,-3.26883768,0.97108858
ch2cl2,318.15,-0.01939498,1.02881884,1278.68,84.9331,REF,-4.71784307,5.23779e-05,-3.54017623,1.04821382
ch2cl2,313.15,-0.31423366,0.81373923,1285.67,84.9331,REF,-5.00213901,2.72182e-05,-3.82209644,1.1279728900000001
ch2cl2,308.15,-0.6150239,0.59536462,1292.71,84.9331,REF,-5.29754493,1.37866e-05,-4.11512642,1.21038852
ch2cl2,303.15,-0.92174984,0.37370385,1299.8,84.9331,REF,-5.60460548,6.798268e-06,-4.41980907,1.29545369
ch2cl2,298.15,-1.23438398,0.14875359,1306.94,84.9331,REF,-5.92388444,3.25927e-06,-4.73670719,1.3831375700000001
propyleneglycol,403.15,4.12814181,4.04572677,888.71,76.0948,REF,-1.085868,0.2144085697,-0.07194496,-0.08241503999999988
propyleneglycol,398.15,3.9249904,3.83689702,893.29,76.0948,REF,-1.2169629,0.1647315292,-0.18750606,-0.08809338000000011
propyleneglycol,393.15,3.71738099,3.62481949,897.9,76.0948,REF,-1.35206502,0.1243743039,-0.31000054,-0.09256149999999996
propyleneglycol,388.15,3.50516833,3.4091786,902.53,76.0948,REF,-1.49123331,0.0923925822,-0.43897085,-0.09598972999999988
propyleneglycol,383.15,3.28820878,3.18963836,907.19,76.0948,REF,-1.63451724,0.0676087395,-0.57399707,-0.09857042000000016
propyleneglycol,378.15,3.06636144,2.96586736,911.87,76.0948,REF,-1.78196996,0.0487833845,-0.71472272,-0.10049408000000026
propyleneglycol,373.15,2.83948933,2.73755473,916.58,76.0948,REF,-1.93365723,0.0347380202,-0.86086824,-0.10193460000000032
propyleneglycol,368.15,2.6074606,2.50441889,921.31,76.0948,REF,-2.08966267,0.0244271041,-1.01223457,-0.10304170999999984
propyleneglycol,363.15,2.37014979,2.26621117,926.06,76.0948,REF,-2.2500905,0.016968874,-1.16870029,-0.10393862000000009
propyleneglycol,358.15,2.12743908,2.02271529,930.84,76.0948,REF,-2.41506586,0.0116478755,-1.33021426,-0.10472378999999998
propyleneglycol,353.15,1.87921951,1.77374596,935.64,76.0948,REF,-2.58473468,0.0079009517,-1.49678721,-0.10547354999999992
propyleneglycol,348.15,1.62539208,1.51914609,940.47,76.0948,REF,-2.75926271,0.0052956058,-1.66848291,-0.1062459899999999
propyleneglycol,343.15,1.3658688,1.25878414,945.33,76.0948,REF,-2.9388346,0.0035064513,-1.84541025,-0.10708466000000016
propyleneglycol,338.15,1.10057361,0.99255169,950.2,76.0948,REF,-3.1236532,0.0022930012,-2.02771649,-0.1080219200000001
propyleneglycol,333.15,0.82944309,0.72036134,955.1,76.0948,REF,-3.313939,0.0014803218,-2.21558197,-0.10908175000000009
propyleneglycol,328.15,0.55242703,0.44214497,960.03,76.0948,REF,-3.50992999,0.0009430228,-2.40921601,-0.11028206000000002
propyleneglycol,323.15,0.26948871,0.15785229,964.98,76.0948,REF,-3.71188181,0.0005924788,-2.60885402,-0.11163642000000001
propyleneglycol,318.15,-0.01939498,-0.13255049,969.95,76.0948,REF,-3.92006816,0.0003669039,-2.81475566,-0.11315550999999999
propyleneglycol,313.15,-0.31423366,-0.4290818,974.95,76.0948,REF,-4.13478154,0.0002238107,-3.02720377,-0.11484813999999999
propyleneglycol,308.15,-0.6150239,-0.73174591,979.98,76.0948,REF,-4.3563342,0.0001343861,-3.24650411,-0.11672201000000004
propyleneglycol,303.15,-0.92174984,-1.04053404,985.02,76.0948,REF,-4.58505945,7.93679e-05,-3.47298566,-0.1187842
propyleneglycol,298.15,-1.23438398,-1.35542555,990.1,76.0948,REF,-4.82131311,4.60682e-05,-3.7070014,-0.12104157000000004
tert-butanol,403.15,4.12814181,4.06310292,689.56,74.122,REF,-1.09528752,0.2148572068,-0.16241699,-0.0650388899999994
tert-butanol,398.15,3.9249904,3.85646532,693.31,74.122,REF,-1.22770399,0.1647257296,-0.28338788,-0.06852508000000013
tert-butanol,393.15,3.71738099,3.64626581,697.09,74.122,REF,-1.36398667,0.1241085325,-0.41030481,-0.07111518000000006
tert-butanol,388.15,3.50516833,3.43219375,700.91,74.122,REF,-1.50419185,0.0920116667,-0.54281771,-0.0729745799999999
tert-butanol,383.15,3.28820878,3.21394442,704.76,74.122,REF,-1.64838121,0.0672062898,-0.68063619,-0.07426436000000036
tert-butanol,378.15,3.06636144,2.99122882,708.64,74.122,REF,-1.7966272,0.048411655,-0.82353687,-0.0751326200000002
tert-butanol,373.15,2.83948933,2.76377942,712.56,74.122,REF,-1.94901644,0.0344205965,-0.97136411,-0.07570991000000005
tert-butanol,368.15,2.6074606,2.53135333,716.51,74.122,REF,-2.10565181,0.0241699729,-1.12402689,-0.07610727000000006
tert-butanol,363.15,2.37014979,2.29373257,720.5,74.122,REF,-2.26665302,0.0167685201,-1.28149261,-0.07641722000000017
tert-butanol,358.15,2.12743908,2.05072422,724.53,74.122,REF,-2.4321571,0.0114964807,-1.44378071,-0.07671485999999961
tert-butanol,353.15,1.87921951,1.80215933,728.59,74.122,REF,-2.60231818,0.0077894601,-1.61095591,-0.07706017999999992
tert-butanol,348.15,1.62539208,1.5478917,732.68,74.122,REF,-2.77730729,0.005215343,-1.78312218,-0.07750037999999981
tert-butanol,343.15,1.3658688,1.28779675,736.82,74.122,REF,-2.95731216,0.0034498615,-1.96041762,-0.07807205000000006
tert-butanol,338.15,1.10057361,1.02177047,740.99,74.122,REF,-3.14253722,0.002253881,-2.14301037,-0.07880314
tert-butanol,333.15,0.82944309,0.74972851,745.2,74.122,REF,-3.33320378,0.0014537888,-2.33109552,-0.07971458000000009
tert-butanol,328.15,0.55242703,0.47160536,749.45,74.122,REF,-3.52955039,0.0009253608,-2.5248929,-0.08082167000000007
tert-butanol,323.15,0.26948871,0.18735353,753.74,74.122,REF,-3.73183342,0.0005809383,-2.72464567,-0.08213518000000003
tert-butanol,318.15,-0.01939498,-0.10305734,758.07,74.122,REF,-3.94032778,0.0003595019,-2.93061952,-0.08366235999999999
tert-butanol,313.15,-0.31423366,-0.39964145,762.44,74.122,REF,-4.15532779,0.0002191506,-3.14310242,-0.08540778999999998
tert-butanol,308.15,-0.6150239,-0.70239805,766.85,74.122,REF,-4.37714824,0.0001315068,-3.36240485,-0.08737415000000004
tert-butanol,303.15,-0.92174984,-1.01131277,771.3,74.122,REF,-4.60612552,7.76223e-05,-3.58886026,-0.08956292999999993
tert-butanol,298.15,-1.23438398,-1.3263592,775.8,74.122,REF,-4.8426189,4.50301e-05,-3.82282598,-0.09197521999999991
thf,403.15,4.12814181,3.80302172,807.65,72.1061,REF,-0.95429885,0.287077564,0.02839951,-0.32512009
thf,398.15,3.9249904,3.54241361,811.95,72.1061,REF,-1.05532021,0.2372459609,-0.05735007,-0.3825767899999999
thf,393.15,3.71738099,3.27624831,816.28,72.1061,REF,-1.1583001,0.1938581465,-0.14727225,-0.44113267999999994
thf,388.15,3.50516833,3.00512888,820.64,72.1061,REF,-1.26373552,0.1565840378,-0.24153196,-0.50003945
thf,383.15,3.28820878,2.72953005,825.04,72.1061,REF,-1.37207533,0.1249933702,-0.34029403,-0.55867873
thf,378.15,3.06636144,2.44976113,829.47,72.1061,REF,-1.48369491,0.0985906716,-0.44369004,-0.6166003099999999
thf,373.15,2.83948933,2.16597029,833.93,72.1061,REF,-1.59889311,0.0768373443,-0.55180705,-0.67351904
thf,368.15,2.6074606,1.87813918,838.43,72.1061,REF,-1.71788313,0.0591742539,-0.66467311,-0.72932142
thf,363.15,2.37014979,1.58609399,842.96,72.1061,REF,-1.84079248,0.045041616,-0.78225325,-0.7840558000000002
thf,358.15,2.12743908,1.2895374,847.53,72.1061,REF,-1.96767578,0.0338970474,-0.90445959,-0.8379016799999999
thf,353.15,1.87921951,0.98808609,852.13,72.1061,REF,-2.09853205,0.0252321785,-1.03116715,-0.89113342
thf,348.15,1.62539208,0.68130563,856.77,72.1061,REF,-2.23332189,0.0185860017,-1.16223006,-0.9440864499999999
thf,343.15,1.3658688,0.36873952,861.44,72.1061,REF,-2.37198255,0.0135534374,-1.29749558,-0.9971292800000001
thf,338.15,1.10057361,0.04994437,866.15,72.1061,REF,-2.51444833,0.0097885957,-1.43682334,-1.0506292400000001
thf,333.15,0.82944309,-0.27549161,870.9,72.1061,REF,-2.66066203,0.0070039902,-1.5800953,-1.1049347
thf,328.15,0.55242703,-0.60793617,875.68,72.1061,REF,-2.8105835,0.0049663447,-1.72722263,-1.1603632
thf,323.15,0.26948871,-0.94770444,880.5,72.1061,REF,-2.96419655,0.0034903355,-1.87815084,-1.21719315
thf,318.15,-0.01939498,-1.29505859,885.36,72.1061,REF,-3.121511,0.0024314789,-2.0328601,-1.27566361
thf,313.15,-0.31423366,-1.6502086,890.26,72.1061,REF,-3.28256434,0.0016789697,-2.19136522,-1.33597494
thf,308.15,-0.6150239,-2.01331548,895.19,72.1061,REF,-3.44742195,0.0011490637,-2.3537145,-1.3982915800000002
thf,303.15,-0.92174984,-2.38449529,900.16,72.1061,REF,-3.61617693,0.0007792915,-2.51998833,-1.46274545
thf,298.15,-1.23438398,-2.763823,905.17,72.1061,REF,-3.78895028,0.0005236043,-2.69029831,-1.5294390199999999
thp,403.15,4.12814181,4.20601175,814.1,86.1328,REF,-1.17275767,0.1626536205,-0.22825684,0.07786994000000025
thp,398.15,3.9249904,3.9996758,818.42,86.1328,REF,-1.30631258,0.1229245042,-0.35153264,0.0746853999999999
thp,393.15,3.71738099,3.78490523,822.77,86.1328,REF,-1.44105402,0.0920346167,-0.47795903,0.06752424000000001
thp,388.15,3.50516833,3.56210905,827.16,86.1328,REF,-1.57733989,0.0683113641,-0.60742874,0.056940720000000056
thp,383.15,3.28820878,3.33163695,831.57,86.1328,REF,-1.71551204,0.0502849499,-0.73992311,0.04342816999999988
thp,378.15,3.06636144,3.0937401,836.02,86.1328,REF,-1.8558719,0.0367189137,-0.87546627,0.02737866000000011
thp,373.15,2.83948933,2.8485678,840.5,86.1328,REF,-1.99867508,0.0266015961,-1.01410131,0.00907846999999995
thp,368.15,2.6074606,2.59618081,845.01,86.1328,REF,-2.14413546,0.0191214714,-1.15587954,-0.011279790000000123
thp,363.15,2.37014979,2.33656983,849.56,86.1328,REF,-2.2924327,0.0136376107,-1.30085664,-0.033579959999999964
thp,358.15,2.12743908,2.06967459,854.14,86.1328,REF,-2.44372074,0.0096504574,-1.44909227,-0.057764489999999835
thp,353.15,1.87921951,1.79540112,858.75,86.1328,REF,-2.59813589,0.006775207,-1.60065144,-0.08381839000000002
thp,348.15,1.62539208,1.51363542,863.4,86.1328,REF,-2.75580347,0.0047186639,-1.75560581,-0.11175665999999995
thp,343.15,1.3658688,1.22425497,868.08,86.1328,REF,-2.91684365,0.003259707,-1.91403543,-0.14161383000000005
thp,338.15,1.10057361,0.9271371,872.8,86.1328,REF,-3.0813759,0.0022331985,-2.07603001,-0.17343651000000004
thp,333.15,0.82944309,0.62216511,877.55,86.1328,REF,-3.24952252,0.0015169688,-2.24168987,-0.20727798000000008
thp,328.15,0.55242703,0.30923251,882.34,86.1328,REF,-3.42141124,0.0010214649,-2.4111267,-0.24319452000000003
thp,323.15,0.26948871,-0.01175432,887.17,86.1328,REF,-3.59717728,0.0006816326,-2.58446406,-0.28124303
thp,318.15,-0.01939498,-0.34087457,892.02,86.1328,REF,-3.77696491,0.000450636,-2.76183786,-0.32147959
thp,313.15,-0.31423366,-0.67819234,896.92,86.1328,REF,-3.96092876,0.0002950561,-2.94339671,-0.3639586799999999
thp,308.15,-0.6150239,-1.0237566,901.85,86.1328,REF,-4.14923495,0.0001912611,-3.12930252,-0.40873270000000006
thp,303.15,-0.92174984,-1.37760137,906.82,86.1328,REF,-4.34206237,0.0001226925,-3.31973121,-0.45585153
thp,298.15,-1.23438398,-1.73974611,911.83,86.1328,REF,-4.5396041,7.78554e-05,-3.51487377,-0.50536213
toluene,403.15,4.12814181,5.96766834,769.45,92.139,REF,-2.12774264,0.0185780587,-1.20876919,1.8395265300000005
toluene,398.15,3.9249904,5.87160451,773.54,92.139,REF,-2.33381897,0.0116082624,-1.41150529,1.94661411
toluene,393.15,3.71738099,5.76259638,777.65,92.139,REF,-2.5404196,0.0072330202,-1.6151507,2.0452153899999996
toluene,388.15,3.50516833,5.64442254,781.8,92.139,REF,-2.74977406,0.0044739466,-1.82178597,2.13925421
toluene,383.15,3.28820878,5.51959197,785.98,92.139,REF,-2.96350319,0.0027379,-2.03294268,2.2313831899999994
toluene,378.15,3.06636144,5.38981535,790.19,92.139,REF,-3.18285062,0.0016533117,-2.24980896,2.32345391
toluene,373.15,2.83948933,5.25628045,794.43,92.139,REF,-3.40881808,0.0009830217,-2.47335127,2.41679112
toluene,368.15,2.6074606,5.11981951,798.71,92.139,REF,-3.64224759,0.0005744347,-2.70438902,2.51235891
toluene,363.15,2.37014979,4.9810156,803.02,92.139,REF,-3.88387378,0.000329366,-2.94364227,2.61086581
toluene,358.15,2.12743908,4.84027575,807.36,92.139,REF,-4.13436021,0.0001850249,-3.19176526,2.71283667
toluene,353.15,1.87921951,4.69788139,811.73,92.139,REF,-4.39432481,0.0001016921,-3.44937004,2.81866188
toluene,348.15,1.62539208,4.55402476,816.14,92.139,REF,-4.66435877,5.46092e-05,-3.7170441,2.9286326799999998
toluene,343.15,1.3658688,4.40883471,820.59,92.139,REF,-4.94504034,2.86148e-05,-3.99536343,3.0429659099999995
toluene,338.15,1.10057361,4.26239566,825.07,92.139,REF,-5.23694556,1.46113e-05,-4.2849027,3.16182205
toluene,333.15,0.82944309,4.11476119,829.58,92.139,REF,-5.54065653,7.260732e-06,-4.58624318,3.2853181000000005
toluene,328.15,0.55242703,3.96596368,834.13,92.139,REF,-5.8567679,3.506469e-06,-4.89997908,3.41353665
toluene,323.15,0.26948871,3.81602113,838.71,92.139,REF,-6.18589227,1.643411e-06,-5.2267227,3.54653242
toluene,318.15,-0.01939498,3.66494183,843.33,92.139,REF,-6.52866475,7.464039e-07,-5.56710899,3.68433681
toluene,313.15,-0.31423366,3.51272748,847.99,92.139,REF,-6.885747,3.280135e-07,-5.92179953,3.8269611400000003
toluene,308.15,-0.6150239,3.35937527,852.68,92.139,REF,-7.25783114,1.39254e-07,-6.29148638,3.97439917
toluene,303.15,-0.92174984,3.20487943,857.42,92.139,REF,-7.64564389,5.701576e-08,-6.67689621,4.1266292700000005
toluene,298.15,-1.23438398,3.04923049,862.18,92.139,REF,-8.04994947,2.247447e-08,-7.07879322,4.28361447
triethylamine,403.15,4.12814181,4.25961362,648.58,101.1906,REF,-1.20181497,0.13339282,-0.40644231,0.13147180999999986
triethylamine,398.15,3.9249904,3.9021802,652.15,101.1906,REF,-1.25279701,0.1196154689,-0.45380681,-0.02281019999999989
triethylamine,393.15,3.71738099,3.5263072,655.75,101.1906,REF,-1.29730368,0.1086791209,-0.49495429,-0.1910737899999999
triethylamine,388.15,3.50516833,3.13322241,659.39,101.1906,REF,-1.33585782,0.0999679833,-0.53034526,-0.37194591999999993
triethylamine,383.15,3.28820878,2.72407771,663.06,101.1906,REF,-1.36896535,0.0930156012,-0.56043987,-0.5641310700000002
triethylamine,378.15,3.06636144,2.29963136,666.77,101.1906,REF,-1.39692988,0.0875014989,-0.58551088,-0.7667300800000003
triethylamine,373.15,2.83948933,1.86058162,670.52,101.1906,REF,-1.42003385,0.0831810111,-0.60581766,-0.9789077100000001
triethylamine,368.15,2.6074606,1.40757864,674.3,101.1906,REF,-1.43854344,0.079866786,-0.62160905,-1.19988196
triethylamine,363.15,2.37014979,0.94124335,678.12,101.1906,REF,-1.45271805,0.0774142159,-0.6331313,-1.42890644
triethylamine,358.15,2.12743908,0.46216306,681.98,101.1906,REF,-1.46280639,0.0757126282,-0.64062324,-1.6652760199999999
triethylamine,353.15,1.87921951,-0.02897136,685.88,101.1906,REF,-1.4691299,0.0746643302,-0.64439773,-1.9081908699999999
triethylamine,348.15,1.62539208,-0.53156059,689.81,101.1906,REF,-1.47196471,0.0741988991,-0.64472483,-2.15695267
triethylamine,343.15,1.3658688,-1.04492777,693.79,101.1906,REF,-1.47164544,0.0742511788,-0.64193366,-2.41079657
triethylamine,338.15,1.10057361,-1.56841516,697.8,101.1906,REF,-1.46850643,0.0747670686,-0.63635406,-2.6689887700000003
triethylamine,333.15,0.82944309,-2.101397,701.86,101.1906,REF,-1.46287282,0.0757015436,-0.62830752,-2.9308400900000002
triethylamine,313.15,-0.31423366,-6.38348276,718.51,101.1906,REF,0.0,,0.0,-6.0692490999999995
triethylamine,308.15,-0.6150239,-7.12154079,722.79,101.1906,REF,0.0,,0.0,-6.50651689
triethylamine,303.15,-0.92174984,-7.87709662,727.1,101.1906,REF,0.0,,0.0,-6.955346779999999
triethylamine,298.15,-1.23438398,-8.64932705,731.47,101.1906,REF,0.0,,0.0,-7.41494307
h2o,403.15,4.12814181,8.95232879,802.62,18.0153,REF,-3.74571169,0.0023110105,-2.09753594,4.8241869799999995
h2o,398.15,3.9249904,8.72711089,806.88,18.0153,REF,-3.90121363,0.0016165112,-2.25053194,4.80212049
h2o,393.15,3.71738099,8.49139277,811.17,18.0153,REF,-4.05731207,0.0011289529,-2.40418268,4.774011779999999
h2o,388.15,3.50516833,8.24553449,815.48,18.0153,REF,-4.21431461,0.0007867025,-2.55877718,4.740366160000001
h2o,383.15,3.28820878,7.98971836,819.83,18.0153,REF,-4.37244252,0.0005467374,-2.71452379,4.70150958
h2o,378.15,3.06636144,7.72401094,824.21,18.0153,REF,-4.53186036,0.000378816,-2.87157798,4.6576495
h2o,373.15,2.83948933,7.44840517,828.62,18.0153,REF,-4.69269608,0.0002616011,-3.0300613,4.60891584
h2o,368.15,2.6074606,7.16285088,833.06,18.0153,REF,-4.85505593,0.0001800165,-3.19007548,4.555390279999999
h2o,363.15,2.37014979,6.86727569,837.53,18.0153,REF,-5.01903481,0.0001234117,-3.35171221,4.4971258999999995
h2o,358.15,2.12743908,6.56160088,842.04,18.0153,REF,-5.18472438,8.42718e-05,-3.51506093,4.4341618
h2o,353.15,1.87921951,6.2457529,846.57,18.0153,REF,-5.35221922,5.73058e-05,-3.68021462,4.366533390000001
h2o,348.15,1.62539208,5.9196717,851.14,18.0153,REF,-5.52162157,3.87975e-05,-3.84727441,4.29427962
h2o,343.15,1.3658688,5.58331683,855.74,18.0153,REF,-5.69304509,2.61448e-05,-4.01635317,4.21744803
h2o,338.15,1.10057361,5.23667169,860.37,18.0153,REF,-5.86661784,1.75314e-05,-4.18757844,4.13609808
h2o,333.15,0.82944309,4.87974612,865.04,18.0153,REF,-6.04248466,1.16937e-05,-4.36109467,4.05030303
h2o,328.15,0.55242703,4.51257799,869.74,18.0153,REF,-6.22080909,7.755829e-06,-4.53706515,3.9601509599999996
h2o,323.15,0.26948871,4.13523362,874.47,18.0153,REF,-6.40177489,5.112855e-06,-4.71567345,3.86574491
h2o,318.15,-0.01939498,3.74780738,879.24,18.0153,REF,-6.58558726,3.348512e-06,-4.89712467,3.7672023599999998
h2o,313.15,-0.31423366,3.35042043,884.04,18.0153,REF,-6.77247386,2.177538e-06,-5.08164638,3.66465409
h2o,308.15,-0.6150239,2.94321892,888.87,18.0153,REF,-6.96268556,1.405252e-06,-5.26948938,3.5582428200000003
h2o,303.15,-0.92174984,2.52637161,893.74,18.0153,REF,-7.15649707,8.993795e-07,-5.46092838,3.44812145
h2o,298.15,-1.23438398,2.10006701,898.64,18.0153,REF,-7.35420758,5.704697e-07,-5.65626252,3.33445099
h2o,403.15,4.12814181,8.95232879,802.62,18.0153,REF,-3.74571169,0.0023110105,-2.09753594,4.8241869799999995
h2o,398.15,3.9249904,8.72711089,806.88,18.0153,REF,-3.90121363,0.0016165112,-2.25053194,4.80212049
h2o,393.15,3.71738099,8.49139277,811.17,18.0153,REF,-4.05731207,0.0011289529,-2.40418268,4.774011779999999
h2o,388.15,3.50516833,8.24553449,815.48,18.0153,REF,-4.21431461,0.0007867025,-2.55877718,4.740366160000001
h2o,383.15,3.28820878,7.98971836,819.83,18.0153,REF,-4.37244252,0.0005467374,-2.71452379,4.70150958
h2o,378.15,3.06636144,7.72401094,824.21,18.0153,REF,-4.53186036,0.000378816,-2.87157798,4.6576495
h2o,373.15,2.83948933,7.44840517,828.62,18.0153,REF,-4.69269608,0.0002616011,-3.0300613,4.60891584
h2o,368.15,2.6074606,7.16285088,833.06,18.0153,REF,-4.85505593,0.0001800165,-3.19007548,4.555390279999999
h2o,363.15,2.37014979,6.86727569,837.53,18.0153,REF,-5.01903481,0.0001234117,-3.35171221,4.4971258999999995
h2o,358.15,2.12743908,6.56160088,842.04,18.0153,REF,-5.18472438,8.42718e-05,-3.51506093,4.4341618
h2o,353.15,1.87921951,6.2457529,846.57,18.0153,REF,-5.35221922,5.73058e-05,-3.68021462,4.366533390000001
h2o,348.15,1.62539208,5.9196717,851.14,18.0153,REF,-5.52162157,3.87975e-05,-3.84727441,4.29427962
h2o,343.15,1.3658688,5.58331683,855.74,18.0153,REF,-5.69304509,2.61448e-05,-4.01635317,4.21744803
h2o,338.15,1.10057361,5.23667169,860.37,18.0153,REF,-5.86661784,1.75314e-05,-4.18757844,4.13609808
h2o,333.15,0.82944309,4.87974612,865.04,18.0153,REF,-6.04248466,1.16937e-05,-4.36109467,4.05030303
h2o,328.15,0.55242703,4.51257799,869.74,18.0153,REF,-6.22080909,7.755829e-06,-4.53706515,3.9601509599999996
h2o,323.15,0.26948871,4.13523362,874.47,18.0153,REF,-6.40177489,5.112855e-06,-4.71567345,3.86574491
h2o,318.15,-0.01939498,3.74780738,879.24,18.0153,REF,-6.58558726,3.348512e-06,-4.89712467,3.7672023599999998
h2o,313.15,-0.31423366,3.35042043,884.04,18.0153,REF,-6.77247386,2.177538e-06,-5.08164638,3.66465409
h2o,308.15,-0.6150239,2.94321892,888.87,18.0153,REF,-6.96268556,1.405252e-06,-5.26948938,3.5582428200000003
h2o,303.15,-0.92174984,2.52637161,893.74,18.0153,REF,-7.15649707,8.993795e-07,-5.46092838,3.44812145
h2o,298.15,-1.23438398,2.10006701,898.64,18.0153,REF,-7.35420758,5.704697e-07,-5.65626252,3.33445099
h2o,403.15,4.12814181,8.95232879,802.62,18.0153,REF,-3.74571169,0.0023110105,-2.09753594,4.8241869799999995
h2o,398.15,3.9249904,8.72711089,806.88,18.0153,REF,-3.90121363,0.0016165112,-2.25053194,4.80212049
h2o,393.15,3.71738099,8.49139277,811.17,18.0153,REF,-4.05731207,0.0011289529,-2.40418268,4.774011779999999
h2o,388.15,3.50516833,8.24553449,815.48,18.0153,REF,-4.21431461,0.0007867025,-2.55877718,4.740366160000001
h2o,383.15,3.28820878,7.98971836,819.83,18.0153,REF,-4.37244252,0.0005467374,-2.71452379,4.70150958
h2o,378.15,3.06636144,7.72401094,824.21,18.0153,REF,-4.53186036,0.000378816,-2.87157798,4.6576495
h2o,373.15,2.83948933,7.44840517,828.62,18.0153,REF,-4.69269608,0.0002616011,-3.0300613,4.60891584
h2o,368.15,2.6074606,7.16285088,833.06,18.0153,REF,-4.85505593,0.0001800165,-3.19007548,4.555390279999999
h2o,363.15,2.37014979,6.86727569,837.53,18.0153,REF,-5.01903481,0.0001234117,-3.35171221,4.4971258999999995
h2o,358.15,2.12743908,6.56160088,842.04,18.0153,REF,-5.18472438,8.42718e-05,-3.51506093,4.4341618
h2o,353.15,1.87921951,6.2457529,846.57,18.0153,REF,-5.35221922,5.73058e-05,-3.68021462,4.366533390000001
h2o,348.15,1.62539208,5.9196717,851.14,18.0153,REF,-5.52162157,3.87975e-05,-3.84727441,4.29427962
h2o,343.15,1.3658688,5.58331683,855.74,18.0153,REF,-5.69304509,2.61448e-05,-4.01635317,4.21744803
h2o,338.15,1.10057361,5.23667169,860.37,18.0153,REF,-5.86661784,1.75314e-05,-4.18757844,4.13609808
h2o,333.15,0.82944309,4.87974612,865.04,18.0153,REF,-6.04248466,1.16937e-05,-4.36109467,4.05030303
h2o,328.15,0.55242703,4.51257799,869.74,18.0153,REF,-6.22080909,7.755829e-06,-4.53706515,3.9601509599999996
h2o,323.15,0.26948871,4.13523362,874.47,18.0153,REF,-6.40177489,5.112855e-06,-4.71567345,3.86574491
h2o,318.15,-0.01939498,3.74780738,879.24,18.0153,REF,-6.58558726,3.348512e-06,-4.89712467,3.7672023599999998
h2o,313.15,-0.31423366,3.35042043,884.04,18.0153,REF,-6.77247386,2.177538e-06,-5.08164638,3.66465409
h2o,308.15,-0.6150239,2.94321892,888.87,18.0153,REF,-6.96268556,1.405252e-06,-5.26948938,3.5582428200000003
h2o,303.15,-0.92174984,2.52637161,893.74,18.0153,REF,-7.15649707,8.993795e-07,-5.46092838,3.44812145
h2o,298.15,-1.23438398,2.10006701,898.64,18.0153,REF,-7.35420758,5.704697e-07,-5.65626252,3.33445099
